"Timestamp","Rainfall","Pumpflow","Volume","Event_ID"
2018-08-12 04:00:00,0,0.6111,53.6112558036728,1
2018-08-12 04:05:00,0,1.2898,55.2489581145876,1
2018-08-12 04:10:00,0,1.68963333333333,56.3407596551973,1
2018-08-12 04:15:00,0,0.551333333333333,60.1620650473316,1
2018-08-12 04:20:00,0,1.64,60.1620650473316,1
2018-08-12 04:25:00,0,1.73936666666667,58.5243627364169,1
2018-08-12 04:30:00,0,1.0271,57.9784619661119,1
2018-08-12 04:35:00,0,1.46926666666667,61.2538665879413,1
2018-08-12 04:40:00,0,1.0947,62.3456681285511,1
2018-08-12 04:45:00,0,0.3863,62.891568898856,1
2018-08-12 04:50:00,0,0.843633333333333,61.7997673582462,1
2018-08-12 04:55:00,0,1.7331,60.1620650473316,1
2018-08-12 05:00:00,0,1.47326666666667,58.5243627364169,1
2018-08-12 05:05:00,0,1.5128,55.7948588848924,1
2018-08-12 05:10:00,0,1.5724,55.2489581145876,1
2018-08-12 05:15:00,0,1.4221,55.2489581145876,1
2018-08-12 05:20:00,0,0.919233333333333,53.6112558036728,1
2018-08-12 05:25:00,0,1.12083333333333,53.6112558036728,1
2018-08-12 05:30:00,0,1.57226666666667,53.6112558036728,1
2018-08-12 05:35:00,0,1.542,53.6112558036728,1
2018-08-12 05:40:00,0,2.06433333333333,53.0653550333679,1
2018-08-12 05:45:00,0,1.66866666666667,52.5194542630631,1
2018-08-12 05:50:00,0,1.38363333333333,53.0653550333679,1
2018-08-12 05:55:00,0,1.1319,55.7948588848924,1
2018-08-12 06:00:00,0,1.3964,52.5194542630631,1
2018-08-12 06:05:00,0,1.14993333333333,53.6112558036728,1
2018-08-12 06:10:00,0,0.331233333333333,53.0653550333679,1
2018-08-12 06:15:00,0,1.03946666666667,55.2489581145876,1
2018-08-12 06:20:00,0,0.5277,54.7030573442827,1
2018-08-12 06:25:00,0,1.32573333333333,54.7030573442827,1
2018-08-12 06:30:00,0,1.2462,56.3407596551973,1
2018-08-12 06:35:00,0,1.4876,56.8866604255022,1
2018-08-12 06:40:00,0,2.2564,57.4325611958071,1
2018-08-12 06:45:00,0,1.1526,59.6161642770267,1
2018-08-12 06:50:00,0,1.3925,60.7079658176364,1
2018-08-12 06:55:00,0,0.671266666666667,61.7997673582462,1
2018-08-12 07:00:00,0,1.3865,57.9784619661119,1
2018-08-12 07:05:00,0,1.05536666666667,54.7030573442827,1
2018-08-12 07:10:00,0,1.4704,55.2489581145876,1
2018-08-12 07:15:00,0,1.0148,57.9784619661119,1
2018-08-12 07:20:00,0,1.4871,58.5243627364169,1
2018-08-12 07:25:00,0,1.36106666666667,55.7948588848924,1
2018-08-12 07:30:00,0,1.61,56.3407596551973,1
2018-08-12 07:35:00,0,1.19593333333333,58.5243627364169,1
2018-08-12 07:40:00,0,1.03,58.5243627364169,1
2018-08-12 07:45:00,0,1.465,61.2538665879413,1
2018-08-12 07:50:00,0,1.343,61.7997673582462,1
2018-08-12 07:55:00,0,1.79626666666667,62.3456681285511,1
2018-08-12 08:00:00,0,1.57253333333333,61.7997673582462,1
2018-08-12 08:05:00,0,0.167433333333333,62.3456681285511,1
2018-08-12 08:10:00,0,0.645366666666667,62.3456681285511,1
2018-08-12 08:15:00,0,0.824066666666667,62.3456681285511,1
2018-08-12 08:20:00,0,0.635533333333333,62.3456681285511,1
2018-08-12 08:25:00,0,0.616266666666667,62.3456681285511,1
2018-08-12 08:30:00,0,2.08366666666667,61.2538665879413,1
2018-08-12 08:35:00,0,0.690666666666667,62.3456681285511,1
2018-08-12 08:40:00,0,1.35953333333333,61.2538665879413,1
2018-08-12 08:45:00,0,0.8586,58.5243627364169,1
2018-08-12 08:50:00,0,1.1159,59.0702635067218,1
2018-08-12 08:55:00,0,1.35486666666667,61.2538665879413,1
2018-08-12 09:00:00,0,1.9196,61.2538665879413,1
2018-08-12 09:05:00,0,1.17583333333333,62.3456681285511,1
2018-08-12 09:10:00,0,0.3246,62.891568898856,1
2018-08-12 09:15:00,0,0,62.3456681285511,1
2018-08-12 09:20:00,0,0.6161,61.7997673582462,1
2018-08-12 09:25:00,0,1.55626666666667,61.2538665879413,1
2018-08-12 09:30:00,0,1.5373,60.1620650473316,1
2018-08-12 09:35:00,0,1.187,57.9784619661119,1
2018-08-12 09:40:00,0,1.47886666666667,57.9784619661119,1
2018-08-12 09:45:00,0,0,56.3407596551973,1
2018-08-12 09:50:00,0,2.28843333333333,60.1620650473316,1
2018-08-12 09:55:00,0,0.5083,62.3456681285511,1
2018-08-12 10:00:00,0,1.45526666666667,61.2538665879413,1
2018-08-12 10:05:00,0,1.38593333333333,58.5243627364169,1
2018-08-12 10:10:00,0,1.11316666666667,57.4325611958071,1
2018-08-12 10:15:00,0,1.4594,55.7948588848924,1
2018-08-12 10:20:00,0,0.7072,53.6112558036728,1
2018-08-12 10:25:00,0,1.45996666666667,54.7030573442827,1
2018-08-12 10:30:00,0,0.539733333333333,53.6112558036728,1
2018-08-12 10:35:00,0,0.997666666666667,54.1571565739778,1
2018-08-12 10:40:00,0,1.0279,53.6112558036728,1
2018-08-12 10:45:00,0,1.24303333333333,53.0653550333679,1
2018-08-12 10:50:00,0,1.6149,53.0653550333679,1
2018-08-12 10:55:00,0,1.38606666666667,53.0653550333679,1
2018-08-12 11:00:00,0,1.0915,54.1571565739778,1
2018-08-12 11:05:00,0,2.92966666666667,56.3407596551973,1
2018-08-12 11:10:00,0,1.96043333333333,53.0653550333679,1
2018-08-12 11:15:00,0,1.00003333333333,53.6112558036728,1
2018-08-12 11:20:00,0,1.10926666666667,54.7030573442827,1
2018-08-12 11:25:00,0,1.07806666666667,53.0653550333679,1
2018-08-12 11:30:00,0,1.29363333333333,57.4325611958071,1
2018-08-12 11:35:00,0,0.825966666666667,53.6112558036728,1
2018-08-12 11:40:00,0,1.18206666666667,53.0653550333679,1
2018-08-12 11:45:00,0,1.58456666666667,52.5194542630631,1
2018-08-12 11:50:00,0,0.442566666666667,53.6112558036728,1
2018-08-12 11:55:00,0,1.44876666666667,54.7030573442827,1
2018-08-12 12:00:00,0,1.69203333333333,55.7948588848924,1
2018-08-12 12:05:00,0,1.83903333333333,57.9784619661119,1
2018-08-12 12:10:00,0,0.757366666666667,59.0702635067218,1
2018-08-12 12:15:00,0,1.28383333333333,61.2538665879413,1
2018-08-12 12:20:00,0,1.72436666666667,61.7997673582462,1
2018-08-12 12:25:00,0,0.642833333333333,62.3456681285511,1
2018-08-12 12:30:00,0,0.486966666666667,62.3456681285511,1
2018-08-12 12:35:00,0,1.16,61.2538665879413,1
2018-08-12 12:40:00,0,1.59406666666667,60.7079658176364,1
2018-08-12 12:45:00,0,1.1887,60.1620650473316,1
2018-08-12 12:50:00,0,2.1462,59.0702635067218,1
2018-08-12 12:55:00,0,1.10803333333333,56.8866604255022,1
2018-08-12 13:00:00,0,1.5963,56.3407596551973,1
2018-08-12 13:05:00,0,1.04906666666667,55.2489581145876,1
2018-08-12 13:10:00,0,1.26586666666667,53.0653550333679,1
2018-08-12 13:15:00,0,1.3015,53.0653550333679,1
2018-08-12 13:20:00,0,2.30896666666667,53.0653550333679,1
2018-08-12 13:25:00,0,1.3808,53.0653550333679,1
2018-08-12 13:30:00,0,0.854566666666667,52.5194542630631,1
2018-08-12 13:35:00,0,1.82356666666667,54.1571565739778,1
2018-08-12 13:40:00,0,1.1726,57.4325611958071,1
2018-08-12 13:45:00,0,1.32263333333333,57.4325611958071,1
2018-08-12 13:50:00,0,1.57236666666667,55.7948588848924,1
2018-08-12 13:55:00,0,1.6095,56.8866604255022,1
2018-08-12 14:00:00,0,0.735866666666667,54.7030573442827,1
2018-08-12 14:05:00,0,0.8134,54.1571565739778,1
2018-08-12 14:10:00,0,0.8085,53.0653550333679,1
2018-08-12 14:15:00,0,1.54026666666667,55.7948588848924,1
2018-08-12 14:20:00,0,1.15903333333333,53.0653550333679,1
2018-08-12 14:25:00,0,1.7315,52.5194542630631,1
2018-08-12 14:30:00,0,0.830733333333333,53.0653550333679,1
2018-08-12 14:35:00,0,0.597833333333333,54.1571565739778,1
2018-08-12 14:40:00,0,1.17633333333333,54.7030573442827,1
2018-08-12 14:45:00,0,1.12233333333333,57.4325611958071,1
2018-08-12 14:50:00,0,0.649733333333333,60.7079658176364,1
2018-08-12 14:55:00,0,2.26133333333333,60.1620650473316,1
2018-08-12 15:00:00,0,1.0985,60.1620650473316,1
2018-08-12 15:05:00,0,1.28196666666667,60.7079658176364,1
2018-08-12 15:10:00,1.404,1.65656666666667,61.7997673582462,1
2018-08-12 15:15:00,2.34,0.485033333333333,62.891568898856,1
2018-08-12 15:20:00,2.34,0.560666666666667,62.3456681285511,1
2018-08-12 15:25:00,2.34,1.22443333333333,61.7997673582462,1
2018-08-12 15:30:00,2.34,1.6856,60.1620650473316,1
2018-08-12 15:35:00,2.34,0.9105,59.0702635067218,1
2018-08-12 15:40:00,2.34,1.7586,57.9784619661119,1
2018-08-12 15:45:00,9.48,1.2982,56.3407596551973,1
2018-08-12 15:50:00,9.48,1.67353333333333,55.7948588848924,1
2018-08-12 15:55:00,13.02,1.2878,54.1571565739778,1
2018-08-12 16:00:00,13.02,0.321466666666667,53.0653550333679,1
2018-08-12 16:05:00,13.02,1.35736666666667,53.6112558036728,1
2018-08-12 16:10:00,13.908,1.19326666666667,53.0653550333679,1
2018-08-12 16:15:00,14.34,1.29156666666667,52.5194542630631,1
2018-08-12 16:20:00,14.34,1.50243333333333,52.5194542630631,1
2018-08-12 16:25:00,15.24,1.33193333333333,53.0653550333679,1
2018-08-12 16:30:00,18.75,1.6186,53.0653550333679,1
2018-08-12 16:35:00,16.014,1.0099,54.1571565739778,1
2018-08-12 16:40:00,17.01,0.797833333333333,54.7030573442827,1
2018-08-12 16:45:00,16.98,1.42756666666667,55.7948588848924,1
2018-08-12 16:50:00,16.68,2.4119,57.4325611958071,1
2018-08-12 16:55:00,17.01,1.09366666666667,58.5243627364169,1
2018-08-12 17:00:00,18.33,1.9357,58.5243627364169,1
2018-08-12 17:05:00,18.75,2.00866666666667,57.4325611958071,1
2018-08-12 17:10:00,17.43,1.45453333333333,55.2489581145876,1
2018-08-12 17:15:00,14.862,1.2367,54.7030573442827,1
2018-08-12 17:20:00,13.692,1.6594,57.9784619661119,1
2018-08-12 17:25:00,13.56,1.61196666666667,56.8866604255022,1
2018-08-12 17:30:00,16.344,0.4622,58.5243627364169,1
2018-08-12 17:35:00,25.02,0.656166666666667,58.5243627364169,1
2018-08-12 17:40:00,15.48,0.579,60.1620650473316,1
2018-08-12 17:45:00,19.65,1.34563333333333,60.7079658176364,1
2018-08-12 17:50:00,17.826,1.6516,61.7997673582462,1
2018-08-12 17:55:00,15.36,0.9441,61.7997673582462,1
2018-08-12 18:00:00,15.36,1.6502,56.8866604255022,1
2018-08-12 18:05:00,14.316,0.6607,58.5243627364169,1
2018-08-12 18:10:00,13.8,1.56323333333333,60.7079658176364,1
2018-08-12 18:15:00,13.8,1.52333333333333,61.7997673582462,1
2018-08-12 18:20:00,18.414,0.525066666666667,62.3456681285511,1
2018-08-12 18:25:00,20.19,0.664733333333333,62.3456681285511,1
2018-08-12 18:30:00,15.462,0.738066666666667,62.3456681285511,1
2018-08-12 18:35:00,14.28,0.9043,61.7997673582462,1
2018-08-12 18:40:00,14.28,1.3911,61.2538665879413,1
2018-08-12 18:45:00,16.02,1.7391,59.6161642770267,1
2018-08-12 18:50:00,16.02,0.960966666666667,57.9784619661119,1
2018-08-12 18:55:00,14.352,0.268566666666667,56.8866604255022,1
2018-08-12 19:00:00,12.9,0.640266666666667,62.3456681285511,1
2018-08-12 19:05:00,12.9,0.668966666666667,62.3456681285511,1
2018-08-12 19:10:00,15.6,0.661233333333333,62.3456681285511,1
2018-08-12 19:15:00,19.65,1.41646666666667,60.7079658176364,1
2018-08-12 19:20:00,18.522,1.39096666666667,59.6161642770267,1
2018-08-12 19:25:00,23.964,1.60243333333333,57.4325611958071,1
2018-08-12 19:30:00,40.02,1.57456666666667,56.8866604255022,1
2018-08-12 19:35:00,42.018,1.4747,54.7030573442827,1
2018-08-12 19:40:00,40.02,1.01856666666667,55.2489581145876,1
2018-08-12 19:45:00,37.356,1.0759,54.7030573442827,1
2018-08-12 19:50:00,27.342,0.3099,53.6112558036728,1
2018-08-12 19:55:00,23.964,1.2782,53.0653550333679,1
2018-08-12 20:00:00,27.924,1.22616666666667,52.5194542630631,1
2018-08-12 20:05:00,29.772,1.08736666666667,55.2489581145876,1
2018-08-12 20:10:00,39.18,1.19763333333333,52.5194542630631,1
2018-08-12 20:15:00,50.496,0.8316,53.0653550333679,1
2018-08-12 20:20:00,42.012,0.748166666666667,53.0653550333679,1
2018-08-12 20:25:00,32.844,1.8894,54.7030573442827,1
2018-08-12 20:30:00,24.018,1.31736666666667,56.3407596551973,1
2018-08-12 20:35:00,16.23,0.968133333333333,54.1571565739778,1
2018-08-12 20:40:00,16.23,1.64783333333333,53.6112558036728,1
2018-08-12 20:45:00,16.71,1.57166666666667,55.2489581145876,1
2018-08-12 20:50:00,17.28,0.9739,54.1571565739778,1
2018-08-12 20:55:00,16.68,2.4315,53.0653550333679,1
2018-08-12 21:00:00,16.02,0.2645,54.7030573442827,1
2018-08-12 21:05:00,19.356,0.9929,53.0653550333679,1
2018-08-12 21:10:00,19.524,1.31823333333333,53.0653550333679,1
2018-08-12 21:15:00,14.55,3.9224,53.0653550333679,1
2018-08-12 21:20:00,13.41,11.5208666666667,65.940677160401,1
2018-08-12 21:25:00,11.7,0,130.760981908707,1
2018-08-12 21:30:00,11.7,0,303.977951986937,1
2018-08-12 21:35:00,16.494,0,683.79843058194,1
2018-08-12 21:40:00,18.18,0,927.044547423183,1
2018-08-12 21:45:00,19.746,0,1208.46341268604,1
2018-08-12 21:50:00,21.09,0,1450.74664232783,1
2018-08-12 21:55:00,22.662,0,1673.77194820728,1
2018-08-12 22:00:00,25.11,0,1920.10721932909,1
2018-08-12 22:05:00,33.312,0,2140.08541597407,1
2018-08-12 22:10:00,30.96,0,2431.39317570837,1
2018-08-12 22:15:00,29.544,0,2697.22539934399,1
2018-08-12 22:20:00,28.686,0,2965.91377976505,1
2018-08-12 22:25:00,30,0,3256.97778730622,1
2018-08-12 22:30:00,18.9,0,3488.80012577939,1
2018-08-12 22:35:00,18.18,0,3735.67019511494,1
2018-08-12 22:40:00,19.788,0,3952.71278984073,1
2018-08-12 22:45:00,33.312,0,4129.50221772498,1
2018-08-12 22:50:00,21.09,0,4310.0199932269,1
2018-08-12 22:55:00,22.362,0,4496.94204595229,1
2018-08-12 23:00:00,26.79,0,4597.00257594608,1
2018-08-12 23:05:00,25.02,0,4741.1115256504,1
2018-08-12 23:10:00,24.012,0,4898.49260396634,1
2018-08-12 23:15:00,28.5,0,4998.98415147333,1
2018-08-12 23:20:00,29.052,0,5100.85236127854,1
2018-08-12 23:25:00,30.96,0,5259.11886966624,1
2018-08-12 23:30:00,33.36,0,5367.36984581624,1
2018-08-12 23:35:00,34.026,0,5481.63117722158,1
2018-08-12 23:40:00,38.688,0,5642.99584514091,1
2018-08-12 23:45:00,43.008,0,5811.694462926,1
2018-08-12 23:50:00,51.672,0,5984.88816745062,1
2018-08-12 23:55:00,45.348,0,6160.50079464439,1
2018-08-13 00:00:00,50.676,0,6403.37534753032,1
2018-08-13 00:05:00,59.988,0,6645.22283572004,1
2018-08-13 00:10:00,80.004,0,6898.56420892237,1
2018-08-13 00:15:00,66.66,0,7082.53702880929,1
2018-08-13 00:20:00,96.66,0,7402.70588145016,1
2018-08-13 00:25:00,61.656,0,7656.56139685728,1
2018-08-13 00:30:00,53.316,0,7912.51570614448,1
2018-08-13 00:35:00,50.238,0,8252.58309933962,1
2018-08-13 00:40:00,32.772,0,8589.1713727906,1
2018-08-13 00:45:00,48.684,0,8999.53519030395,1
2018-08-13 00:50:00,69.996,0,9482.30806974684,1
2018-08-13 00:55:00,75.336,0,9964.86154231903,1
2018-08-13 01:00:00,40.5,0,10474.4925870117,1
2018-08-13 01:05:00,28.932,0,11046.2361345003,1
2018-08-13 01:10:00,33.252,0,11554.5835487634,1
2018-08-13 01:15:00,34.398,0,12131.5767003442,1
2018-08-13 01:20:00,26.946,0,12649.3074357294,1
2018-08-13 01:25:00,19.98,0,13243.0103341095,1
2018-08-13 01:30:00,21.492,0,13752.2094762944,1
2018-08-13 01:35:00,40.512,0,14221.5729062466,1
2018-08-13 01:40:00,42.012,0,14665.449861052,1
2018-08-13 01:45:00,43.332,0,15198.5487577462,1
2018-08-13 01:50:00,34.692,0,15649.4380200906,1
2018-08-13 01:55:00,48.012,0,16104.2184845433,1
2018-08-13 02:00:00,52.02,0,16550.8497226451,1
2018-08-13 02:05:00,31.998,0,16985.5173196376,1
2018-08-13 02:10:00,27.498,0,17433.384007382,1
2018-08-13 02:15:00,25.02,0,17924.4000853911,1
2018-08-13 02:20:00,26.688,0,18359.8027674497,1
2018-08-13 02:25:00,32.856,0,18692.003285447,1
2018-08-13 02:30:00,44.682,0,19035.3386186842,1
2018-08-13 02:35:00,33.354,0,19495.3719911192,1
2018-08-13 02:40:00,18.018,0,19865.4911971015,1
2018-08-13 02:45:00,11.49,0,20305.350365281,1
2018-08-13 02:50:00,10.752,0,20598.0543063382,1
2018-08-13 02:55:00,7.8,0,21036.8748030138,1
2018-08-13 03:00:00,7.8,0,21444.2590083763,1
2018-08-13 03:05:00,8.052,0,21743.0784995995,1
2018-08-13 03:10:00,8.22,0,22170.0463241881,1
2018-08-13 03:15:00,8.22,0,22480.3970539986,1
2018-08-13 03:20:00,8.844,0,22773.7485726726,1
2018-08-13 03:25:00,9.876,0,23164.0102644744,1
2018-08-13 03:30:00,10.02,0,23351.9914058794,1
2018-08-13 03:35:00,10.02,0,23734.0827655083,1
2018-08-13 03:40:00,14.688,0,23978.2363859598,1
2018-08-13 03:45:00,24.27,0,24306.5788541806,1
2018-08-13 03:50:00,20.634,0,24519.6544389712,1
2018-08-13 03:55:00,11.49,0,24865.5183871804,1
2018-08-13 04:00:00,11.49,0,25090.5398084944,1
2018-08-13 04:05:00,12.39,0,25446.4865745242,1
2018-08-13 04:10:00,12.954,0,25677.367154705,1
2018-08-13 04:15:00,13.704,0,25967.723376664,1
2018-08-13 04:20:00,13.32,0,26241.4086869873,1
2018-08-13 04:25:00,13.32,0,26528.3216184652,1
2018-08-13 04:30:00,13.656,0,26778.5167305992,1
2018-08-13 04:35:00,15,0,27005.9804325491,1
2018-08-13 04:40:00,13.272,0,27261.1116469197,1
2018-08-13 04:45:00,6.048,0.252566666666667,27524.5510270549,1
2018-08-13 04:50:00,4.89,57.8551,27744.9688699062,1
2018-08-13 04:55:00,4.89,13.1849,27691.8325466948,1
2018-08-13 05:00:00,4.89,0,27756.6944129247,1
2018-08-13 05:05:00,4.89,38.8431666666667,27937.1410364239,1
2018-08-13 05:10:00,4.89,43.2626666666667,27931.6842271237,1
2018-08-13 05:15:00,4.89,16.0915,27902.8428239478,1
2018-08-13 05:20:00,4.89,64.1412333333333,27818.4999167106,1
2018-08-13 05:25:00,2.7,24.9046666666667,27586.9118697267,1
2018-08-13 05:30:00,2.79,53.3076666666667,27473.1445610331,1
2018-08-13 05:35:00,2.79,68.0241333333333,27269.2254997544,1
2018-08-13 05:40:00,2.79,71.2577666666667,26987.0332026079,1
2018-08-13 05:45:00,2.79,15.5765,26658.6326603092,1
2018-08-13 05:50:00,2.79,67.7184,26628.7814526162,1
2018-08-13 05:55:00,2.79,92.5188333333333,26382.9201666881,1
2018-08-13 06:00:00,1.116,77.2902,25785.5368193536,1
2018-08-13 06:05:00,0,33.4107333333333,25628.759488874,1
2018-08-13 06:10:00,0,41.3535,25446.4865745242,1
2018-08-13 06:15:00,0,105.4704,23530.7627073536,1
2018-08-13 06:20:00,0,75.9978333333333,25382.0156427472,1
2018-08-13 06:25:00,0,40.3553666666667,24105.8908890346,1
2018-08-13 06:30:00,0,88.6737333333333,23471.335543772,1
2018-08-13 06:35:00,0,42.1162,23558.7277991026,1
2018-08-13 06:40:00,0,40.9716333333333,22655.1966375234,1
2018-08-13 06:45:00,0,37.8411666666667,22937.6481360745,1
2018-08-13 06:50:00,0,65.3552333333333,23558.7277991026,1
2018-08-13 06:55:00,0,99.4118333333333,19865.4911971015,1
2018-08-13 07:00:00,0,91.2772333333333,22692.3313887602,1
2018-08-13 07:05:00,0,77.5131333333333,21743.0784995995,1
2018-08-13 07:10:00,0,49.6226,21743.0784995995,1
2018-08-13 07:15:00,0,77.5457666666667,20119.539799486,1
2018-08-13 07:20:00,0,94.2274666666667,19297.198566108,1
2018-08-13 07:25:00,0,100.378266666667,19361.0818734857,1
2018-08-13 07:30:00,0,100.287033333333,19417.9987366069,1
2018-08-13 07:35:00,0,99.7589666666667,18205.8041993749,1
2018-08-13 07:40:00,0,96.4552666666667,18283.9115703922,1
2018-08-13 07:45:00,0,97.7747,17578.4102429424,1
2018-08-13 07:50:00,0,97.8048666666667,17133.826014415,1
2018-08-13 07:55:00,0,96.2726,16841.8855735402,1
2018-08-13 08:00:00,0,96.4678666666667,16104.2184845433,1
2018-08-13 08:05:00,0,96.1313666666667,15949.5674425191,1
2018-08-13 08:10:00,0,96.1695333333333,15198.5487577462,1
2018-08-13 08:15:00,0,95.7536333333333,14835.1582029509,1
2018-08-13 08:20:00,0,94.4227333333333,14294.6395101596,1
2018-08-13 08:25:00,0,95.3104666666667,13924.9657541842,1
2018-08-13 08:30:00,0,94.9195333333333,13388.622081351,1
2018-08-13 08:35:00,0,94.6980333333333,12872.7487524948,1
2018-08-13 08:40:00,0,94.1025,12416.3499544385,1
2018-08-13 08:45:00,0,93.8912,11918.0259806419,1
2018-08-13 08:50:00,0,93.4154666666667,11478.6172758438,1
2018-08-13 08:55:00,0,92.9434333333333,11046.2361345003,1
2018-08-13 09:00:00,0,92.5218333333333,10543.6483438487,1
2018-08-13 09:05:00,0,92.2863,10121.2993575213,1
2018-08-13 09:10:00,0,91.823,9618.70867869229,1
2018-08-13 09:15:00,0,91.3708333333333,9138.4173316348,1
2018-08-13 09:20:00,0,91.2247333333333,8652.74211548617,1
2018-08-13 09:25:00,0,90.62,8183.56642603559,1
2018-08-13 09:30:00,0,90.2281666666667,7724.50248588739,1
2018-08-13 09:35:00,0,89.6553333333333,7268.94792596224,1
2018-08-13 09:40:00,0,89.3134333333333,6830.31202947039,1
2018-08-13 09:45:00,0,88.7219666666667,6338.78155599758,1
2018-08-13 09:50:00,0,88.4698,5926.81047320693,1
2018-08-13 09:55:00,0,87.8449,5422.04811089131,1
2018-08-13 10:00:00,0,86.9682,4998.98415147333,1
2018-08-13 10:05:00,0,82.1455666666667,4597.00257594608,1
2018-08-13 10:10:00,0,81.6385666666667,4164.9653421243,1
2018-08-13 10:15:00,0,81.1176666666667,3735.67019511494,1
2018-08-13 10:20:00,0,80.3525333333333,3320.58934896894,1
2018-08-13 10:25:00,0,77.1699666666667,2900.76119414629,1
2018-08-13 10:30:00,0,70.4958666666667,2544.64368339545,1
2018-08-13 10:35:00,0,69.6667,2190.10191155426,1
2018-08-13 10:40:00,0,68.6267,1852.33606015524,1
2018-08-13 10:45:00,0,64.9335,1504.15941435077,1
2018-08-13 10:50:00,0,62.3915333333333,1190.69045527923,1
2018-08-13 10:55:00,0,59.7238,825.005406521868,1
2018-08-13 11:00:00,0,51.3875666666667,536.207484985736,1
2018-08-13 11:05:00,0,36.3668666666667,291.566120382109,1
2018-08-13 11:10:00,0,19.6793333333333,175.594856307924,1
2018-08-13 11:15:00,0,12.5143,85.732910535211,1
2018-08-13 11:20:00,0,6.62,22.1302747502171,1
2018-08-13 11:25:00,0,5.23013333333333,20.8855654887744,1
2018-08-13 11:30:00,0,2.29666666666667,13.0789944466378,1
2018-08-13 11:35:00,0,0,13.0789944466378,1
2018-08-13 11:40:00,0,0,1.95597241719588,1
2018-08-13 11:45:00,0,0,0,1
2018-08-13 11:50:00,0,0,0.64413844416049,1
2018-08-13 11:55:00,0,0,3.7938729412308,1
2018-08-13 12:00:00,0,0,17.1514377044461,1
2018-08-13 12:05:00,0,0,27.109111795988,1
2018-08-13 12:10:00,0,0,34.5773673646444,1
2018-08-13 12:15:00,0,0,38.5421069007229,1
2018-08-13 12:20:00,0,0,39.9213978953127,1
2018-08-13 12:25:00,0,0,41.5440931830654,1
2018-08-13 12:30:00,0,0,42.9233841776551,1
2018-08-13 12:35:00,0,0,44.3838099366326,1
2018-08-13 12:40:00,0,0,45.1140228161213,1
2018-08-13 12:45:00,0,0,46.5744485750987,1
2018-08-13 12:50:00,0,0,47.3046614545874,1
2018-08-13 12:55:00,0,0,48.0348743340761,1
2018-08-13 13:00:00,0,0,48.7650872135648,1
2018-08-13 13:05:00,0,0,49.8604065327979,1
2018-08-13 13:10:00,0,0,50.2255129725423,1
2018-08-13 13:15:00,0,0,50.955725852031,1
2018-08-13 13:20:00,0,0,51.4276527224533,1
2018-08-13 13:25:00,0,0,52.5194542630631,1
2018-08-13 13:30:00,0,0,52.5194542630631,1
2018-08-13 13:35:00,0,0,53.6112558036728,1
2018-08-13 13:40:00,0,0,54.1571565739778,1
2018-08-13 13:45:00,0,0,54.7030573442827,1
2018-08-13 13:50:00,0,0,55.2489581145876,1
2018-08-13 13:55:00,0,0,55.2489581145876,1
2018-08-13 14:00:00,0,0,56.3407596551973,1
2018-08-13 14:05:00,0,0,54.1571565739778,1
2018-08-13 14:10:00,0,0,56.8866604255022,1
2018-08-13 14:15:00,0,0,56.3407596551973,1
2018-08-13 14:20:00,0,0,57.9784619661119,1
2018-08-13 14:25:00,0,0,54.7030573442827,1
2018-08-13 14:30:00,0,0,58.5243627364169,1
2018-08-13 14:35:00,0,0,56.8866604255022,1
2018-08-13 14:40:00,0,0,59.0702635067218,1
2018-08-13 14:45:00,0,0,56.8866604255022,1
2018-08-13 14:50:00,0,0,57.9784619661119,1
2018-08-13 14:55:00,0,0,59.0702635067218,1
2018-08-13 15:00:00,0,0,59.6161642770267,1
2018-08-13 15:05:00,0,0,59.6161642770267,1
2018-08-13 15:10:00,0,0,60.1620650473316,1
2018-08-13 15:15:00,0,0,59.0702635067218,1
2018-08-13 15:20:00,0,3.3967,60.1620650473316,1
2018-08-13 15:25:00,0,0,60.1620650473316,1
2018-08-13 15:30:00,0,1.1186,60.7079658176364,1
2018-08-13 15:35:00,0,5.3623,60.7079658176364,1
2018-08-13 15:40:00,0,0,59.6161642770267,1
2018-08-13 15:45:00,0,0,60.1620650473316,1
2018-08-13 15:50:00,0,0,61.2538665879413,1
2018-08-13 15:55:00,0,0,60.7079658176364,1
2018-08-13 16:00:00,0,0,60.7079658176364,1
2018-08-27 07:00:00,1.68,0,13.195619596685,2
2018-08-27 07:05:00,1.68,0,13.195619596685,2
2018-08-27 07:10:00,1.68,0,13.195619596685,2
2018-08-27 07:15:00,2.886,0,13.195619596685,2
2018-08-27 07:20:00,3.69,0,13.195619596685,2
2018-08-27 07:25:00,3.69,0,13.195619596685,2
2018-08-27 07:30:00,3.69,0,13.195619596685,2
2018-08-27 07:35:00,3.69,0,13.195619596685,2
2018-08-27 07:40:00,8.484,0,13.195619596685,2
2018-08-27 07:45:00,13.38,0,13.195619596685,2
2018-08-27 07:50:00,13.38,0,13.195619596685,2
2018-08-27 07:55:00,15.66,0,13.195619596685,2
2018-08-27 08:00:00,9.99,0,13.195619596685,2
2018-08-27 08:05:00,1.998,0,13.195619596685,2
2018-08-27 08:10:00,0,0,13.195619596685,2
2018-08-27 08:15:00,0,0,13.195619596685,2
2018-08-27 08:20:00,0,0,13.195619596685,2
2018-08-27 08:25:00,0,0,13.195619596685,2
2018-08-27 08:30:00,0,0,13.195619596685,2
2018-08-27 08:35:00,0,0,13.195619596685,2
2018-08-27 08:40:00,0,0,13.195619596685,2
2018-08-27 08:45:00,0,0,13.195619596685,2
2018-08-27 08:50:00,0,0,13.195619596685,2
2018-08-27 08:55:00,0,0,13.195619596685,2
2018-08-27 09:00:00,0,0,13.195619596685,2
2018-08-27 09:05:00,0,0,13.195619596685,2
2018-08-27 09:10:00,0,0,13.195619596685,2
2018-08-27 09:15:00,4.608,0,13.195619596685,2
2018-08-27 09:20:00,15.36,0,13.195619596685,2
2018-08-27 09:25:00,15.36,0,13.195619596685,2
2018-08-27 09:30:00,7.8,0,13.4863431362346,2
2018-08-27 09:35:00,3.99,0,13.4863431362346,2
2018-08-27 09:40:00,3.99,0,13.4863431362346,2
2018-08-27 09:45:00,3.99,0,13.4863431362346,2
2018-08-27 09:50:00,3.99,0,13.4863431362346,2
2018-08-27 09:55:00,0.798,0,13.195619596685,2
2018-08-27 10:00:00,0,0,13.195619596685,2
2018-08-27 10:05:00,0,0,13.195619596685,2
2018-08-27 10:10:00,0,0,13.195619596685,2
2018-08-27 10:15:00,0,0,13.195619596685,2
2018-08-27 10:20:00,0,0,13.4863431362346,2
2018-08-27 10:25:00,0,0,13.195619596685,2
2018-08-27 10:30:00,0,0,13.195619596685,2
2018-08-27 10:35:00,0,0,13.195619596685,2
2018-08-27 10:40:00,0,0,13.195619596685,2
2018-08-27 10:45:00,0,0,13.195619596685,2
2018-08-27 10:50:00,0,0,13.195619596685,2
2018-08-27 10:55:00,0,0,13.195619596685,2
2018-08-27 11:00:00,0,0,13.195619596685,2
2018-08-27 11:05:00,0,0,13.195619596685,2
2018-08-27 11:10:00,0,0,13.195619596685,2
2018-08-27 11:15:00,5.55,0,13.195619596685,2
2018-08-27 11:20:00,7.218,0,13.195619596685,2
2018-08-27 11:25:00,13.89,0,13.4863431362346,2
2018-08-27 11:30:00,19.674,0,13.4863431362346,2
2018-08-27 11:35:00,83.67,0,13.4863431362346,2
2018-08-27 11:40:00,62.004,0,13.195619596685,2
2018-08-27 11:45:00,29.112,0,13.195619596685,2
2018-08-27 11:50:00,30.894,0,13.195619596685,2
2018-08-27 11:55:00,58.008,0,13.195619596685,2
2018-08-27 12:00:00,42.012,0,13.195619596685,2
2018-08-27 12:05:00,26.556,0,13.195619596685,2
2018-08-27 12:10:00,9.12,0,13.195619596685,2
2018-08-27 12:15:00,6.45,0,13.195619596685,2
2018-08-27 12:20:00,6.45,0,13.195619596685,2
2018-08-27 12:25:00,6.45,0,13.195619596685,2
2018-08-27 12:30:00,6.45,0,13.195619596685,2
2018-08-27 12:35:00,12.492,0,13.4863431362346,2
2018-08-27 12:40:00,77.334,0,13.195619596685,2
2018-08-27 12:45:00,36.69,0,13.7900539290698,2
2018-08-27 12:50:00,120.006,0,13.4863431362346,2
2018-08-27 12:55:00,46.674,0,13.4863431362346,2
2018-08-27 13:00:00,54.342,0,13.4863431362346,2
2018-08-27 13:05:00,78.996,0,13.195619596685,2
2018-08-27 13:10:00,96.66,0,13.195619596685,2
2018-08-27 13:15:00,66.192,0,13.195619596685,2
2018-08-27 13:20:00,7.14,0,13.195619596685,2
2018-08-27 13:25:00,7.14,0,13.195619596685,2
2018-08-27 13:30:00,2.856,0,13.195619596685,2
2018-08-27 13:35:00,0,0,13.195619596685,2
2018-08-27 13:40:00,0,0,13.195619596685,2
2018-08-27 13:45:00,0,0,13.195619596685,2
2018-08-27 13:50:00,0,0,13.195619596685,2
2018-08-27 13:55:00,0,0,13.195619596685,2
2018-08-27 14:00:00,0,0,13.7900539290698,2
2018-08-27 14:05:00,0,0,89.584790138695,2
2018-08-27 14:10:00,0,0,296.53085302404,2
2018-08-27 14:15:00,0,0,865.053324811296,2
2018-08-27 14:20:00,0,0,1228.37156084192,2
2018-08-27 14:25:00,0,0,1566.91249855264,2
2018-08-27 14:30:00,0,0,1852.33606015524,2
2018-08-27 14:35:00,0,0,2190.10191155426,2
2018-08-27 14:40:00,0,0,2486.74753061467,2
2018-08-27 14:45:00,0,0,2900.76119414629,2
2018-08-27 14:50:00,0,0,3219.78389249202,2
2018-08-27 14:55:00,0,0,3572.19307628749,2
2018-08-27 15:00:00,0,0,3900.65361404177,2
2018-08-27 15:05:00,0,0,4261.24761404085,2
2018-08-27 15:10:00,0,0,4544.34577534744,2
2018-08-27 15:15:00,0,0,4843.60772630327,2
2018-08-27 15:20:00,0,16.6916333333333,5100.85236127854,2
2018-08-27 15:25:00,0,4.11726666666667,5100.85236127854,2
2018-08-27 15:30:00,0,5.87206666666667,5367.36984581624,2
2018-08-27 15:35:00,0,54.4198333333333,5259.11886966624,2
2018-08-27 15:40:00,0,51.156,4998.98415147333,2
2018-08-27 15:45:00,0,32.9480666666667,4998.98415147333,2
2018-08-27 15:50:00,0,55.2683333333333,4688.37049972742,2
2018-08-27 15:55:00,0,53.5359333333333,4496.94204595229,2
2018-08-27 16:00:00,0,68.8352,4216.59043399437,2
2018-08-27 16:05:00,0,69.9923666666667,3864.16823604196,2
2018-08-27 16:10:00,60,68.4376666666667,3530.1221785511,2
2018-08-27 16:15:00,499.992,67.6730666666667,3179.35189840104,2
2018-08-27 16:20:00,340.008,66.9216333333333,2827.94048616976,2
2018-08-27 16:25:00,159.996,66.1898333333333,2514.28064018541,2
2018-08-27 16:30:00,75,65.3120333333333,2190.10191155426,2
2018-08-27 16:35:00,114.522,64.3313333333333,1872.8238253912,2
2018-08-27 16:40:00,32.622,63.5690666666667,1548.38771532545,2
2018-08-27 16:45:00,37.854,62.8372333333333,1208.46341268604,2
2018-08-27 16:50:00,0,60.7139,865.053324811296,2
2018-08-27 16:55:00,0,53.6386666666667,561.581886464449,2
2018-08-27 17:00:00,0,31.7031666666667,286.749078881672,2
2018-08-27 17:05:00,0,22.6659666666667,173.599686526225,2
2018-08-27 17:10:00,0,12.4242,85.732910535211,2
2018-08-27 17:15:00,0,2.8741,29.5985303188736,2
2018-08-27 17:20:00,0,0,45.1140228161213,2
2018-08-27 17:25:00,0,0,177.590026089624,2
2018-08-27 17:30:00,0,0,1265.67632825725,2
2018-08-27 17:35:00,0,0,1967.47164729256,2
2018-08-27 17:40:00,0,0,2666.17046469321,2
2018-08-27 17:45:00,0,0,3488.80012577939,2
2018-08-27 17:50:00,0,0,4355.70965202684,2
2018-08-27 17:55:00,0,0,5100.85236127854,2
2018-08-27 18:00:00,0,0,5811.694462926,2
2018-08-27 18:05:00,0,0,6338.78155599758,2
2018-08-27 18:10:00,0,0,6830.31202947039,2
2018-08-27 18:15:00,0,0,7268.94792596224,2
2018-08-27 18:20:00,0,0,7656.56139685728,2
2018-08-27 18:25:00,0,0,7983.4451066087,2
2018-08-27 18:30:00,0,0,8320.12846927497,2
2018-08-27 18:35:00,0,0,8722.32540065719,2
2018-08-27 18:40:00,0,0,8999.53519030395,2
2018-08-27 18:45:00,0,0,9348.13700527854,2
2018-08-27 18:50:00,0,0,9618.70867869229,2
2018-08-27 18:55:00,0,0,9905.74515908006,2
2018-08-27 19:00:00,0,0,10267.0886036063,2
2018-08-27 19:05:00,0,0,10543.6483438487,2
2018-08-27 19:10:00,0,0,10827.964546614,2
2018-08-27 19:15:00,0,0,11046.2361345003,2
2018-08-27 19:20:00,0,0,11258.594836471,2
2018-08-27 19:25:00,0,0,11478.6172758438,2
2018-08-27 19:30:00,0,0,11697.1439055027,2
2018-08-27 19:35:00,0,0,11846.9127533865,2
2018-08-27 19:40:00,0,0.5943,11918.0259806419,2
2018-08-27 19:45:00,0,11.1502333333333,11986.8126573223,2
2018-08-27 19:50:00,0,24.4682,12066.4798446823,2
2018-08-27 19:55:00,0,20.9549666666667,11478.6172758438,2
2018-08-27 20:00:00,0,17.6424333333333,11554.5835487634,2
2018-08-27 20:05:00,0,34.3121333333333,11340.7171686803,2
2018-08-27 20:10:00,0,46.1362666666667,11190.222553796,2
2018-08-27 20:15:00,0,69.0757333333333,10619.5495796117,2
2018-08-27 20:20:00,0,53.6662333333333,10474.4925870117,2
2018-08-27 20:25:00,0,52.2343333333333,10331.3173632383,2
2018-08-27 20:30:00,0,65.6711,10402.7300346197,2
2018-08-27 20:35:00,0,60.0542333333333,9694.95947127154,2
2018-08-27 20:40:00,0,74.3757666666667,9348.13700527854,2
2018-08-27 20:45:00,0,88.5037,8929.4243958427,2
2018-08-27 20:50:00,0,91.0535333333333,8451.02593918916,2
2018-08-27 20:55:00,0,90.5054333333333,8109.79893398755,2
2018-08-27 21:00:00,0,90.1162666666667,7656.56139685728,2
2018-08-27 21:05:00,0,89.6832,7143.55395736797,2
2018-08-27 21:10:00,0,89.2399333333333,6706.21137364413,2
2018-08-27 21:15:00,0,88.7927,6218.88969319159,2
2018-08-27 21:20:00,0,88.3253333333333,5757.15021644471,2
2018-08-27 21:25:00,0,87.7624333333333,5315.45546617194,2
2018-08-27 21:30:00,0,83.5065,4843.60772630327,2
2018-08-27 21:35:00,0,78.4235,4496.94204595229,2
2018-08-27 21:40:00,0,77.7298333333333,4085.92112652717,2
2018-08-27 21:45:00,0,77.1296666666667,3648.83615470957,2
2018-08-27 21:50:00,0,76.5425,3256.97778730622,2
2018-08-27 21:55:00,0,73.1695,2860.9176774764,2
2018-08-27 22:00:00,0,66.1279333333333,2544.64368339545,2
2018-08-27 22:05:00,0,65.2273333333333,2190.10191155426,2
2018-08-27 22:10:00,0,64.1724666666667,1872.8238253912,2
2018-08-27 22:15:00,0,63.4727,1548.38771532545,2
2018-08-27 22:20:00,0,62.7203333333333,1228.37156084192,2
2018-08-27 22:25:00,0,60.6313333333333,881.829156391852,2
2018-08-27 22:30:00,0,53.7048333333333,561.581886464449,2
2018-08-27 22:35:00,0,29.3598666666667,289.083754061143,2
2018-08-27 22:40:00,0,21.8675333333333,181.580365653024,2
2018-08-27 22:45:00,0,25.8669333333333,89.584790138695,2
2018-08-27 22:50:00,0,5.52383333333333,34.5773673646444,2
2018-08-27 22:55:00,0,6.04506666666667,23.3749840116598,2
2018-08-27 23:00:00,0,1.94233333333333,13.9395235832962,2
2018-08-27 23:05:00,0,0,13.9395235832962,2
2018-08-27 23:10:00,0,0,13.0789944466378,2
2018-08-27 23:15:00,0,0,1.95597241719588,2
2018-08-27 23:20:00,0,0,0,2
2018-08-27 23:25:00,0,0,0,2
2018-08-27 23:30:00,0,0,0.64413844416049,2
2018-08-27 23:35:00,0,0,3.7938729412308,2
2018-08-27 23:40:00,0,0,8.08615962335898,2
2018-08-27 23:45:00,0,0,13.417309920118,2
2018-08-27 23:50:00,0,0,18.3961469658888,2
2018-08-27 23:55:00,0,0,23.3749840116598,2
2018-08-28 00:00:00,0,0,27.109111795988,2
2018-08-30 04:00:00,0,0,4.84629018773194,3
2018-08-30 04:05:00,0,0,4.84629018773194,3
2018-08-30 04:10:00,0,0,4.84629018773194,3
2018-08-30 04:15:00,0,0,4.84629018773194,3
2018-08-30 04:20:00,0,0,4.84629018773194,3
2018-08-30 04:25:00,0,0,4.84629018773194,3
2018-08-30 04:30:00,0,0,4.84629018773194,3
2018-08-30 04:35:00,0,0,4.84629018773194,3
2018-08-30 04:40:00,0,0,4.84629018773194,3
2018-08-30 04:45:00,0,0,4.84629018773194,3
2018-08-30 04:50:00,0,0,4.84629018773194,3
2018-08-30 04:55:00,0,0,4.84629018773194,3
2018-08-30 05:00:00,0,0,4.84629018773194,3
2018-08-30 05:05:00,0,0,4.84629018773194,3
2018-08-30 05:10:00,0,0,4.84629018773194,3
2018-08-30 05:15:00,0,0,4.84629018773194,3
2018-08-30 05:20:00,0,0,4.84629018773194,3
2018-08-30 05:25:00,0,0,4.84629018773194,3
2018-08-30 05:30:00,0,0,0.64413844416049,3
2018-08-30 05:35:00,0,0,0.64413844416049,3
2018-08-30 05:40:00,0,0,4.84629018773194,3
2018-08-30 05:45:00,0,0,0.64413844416049,3
2018-08-30 05:50:00,0,0,0.64413844416049,3
2018-08-30 05:55:00,0,0,4.84629018773194,3
2018-08-30 06:00:00,0,0,4.84629018773194,3
2018-08-30 06:05:00,0,0,4.84629018773194,3
2018-08-30 06:10:00,0.72,0,4.84629018773194,3
2018-08-30 06:15:00,1.8,0,4.84629018773194,3
2018-08-30 06:20:00,1.8,0,4.84629018773194,3
2018-08-30 06:25:00,3.168,0,4.84629018773194,3
2018-08-30 06:30:00,4.08,0,4.84629018773194,3
2018-08-30 06:35:00,4.08,0,4.84629018773194,3
2018-08-30 06:40:00,4.08,0,4.84629018773194,3
2018-08-30 06:45:00,4.08,0,4.84629018773194,3
2018-08-30 06:50:00,4.08,0,4.84629018773194,3
2018-08-30 06:55:00,4.08,0,4.84629018773194,3
2018-08-30 07:00:00,4.08,0,4.84629018773194,3
2018-08-30 07:05:00,4.896,0,4.84629018773194,3
2018-08-30 07:10:00,11.664,0,4.84629018773194,3
2018-08-30 07:15:00,12.54,0,4.84629018773194,3
2018-08-30 07:20:00,12.54,0,3.7938729412308,3
2018-08-30 07:25:00,15.492,0,4.84629018773194,3
2018-08-30 07:30:00,16.23,0,4.84629018773194,3
2018-08-30 07:35:00,15.384,0,4.84629018773194,3
2018-08-30 07:40:00,12.45,0,4.84629018773194,3
2018-08-30 07:45:00,12.45,0,4.84629018773194,3
2018-08-30 07:50:00,9.54,0,4.84629018773194,3
2018-08-30 07:55:00,9.54,0,4.84629018773194,3
2018-08-30 08:00:00,12.396,0,0.64413844416049,3
2018-08-30 08:05:00,13.11,0,0.64413844416049,3
2018-08-30 08:10:00,16.566,0,4.84629018773194,3
2018-08-30 08:15:00,17.43,0,4.84629018773194,3
2018-08-30 08:20:00,16.98,0,4.84629018773194,3
2018-08-30 08:25:00,22.62,0,0.64413844416049,3
2018-08-30 08:30:00,20.598,0,0.64413844416049,3
2018-08-30 08:35:00,21.09,0,0.64413844416049,3
2018-08-30 08:40:00,21.756,0,4.84629018773194,3
2018-08-30 08:45:00,22.2,0,4.84629018773194,3
2018-08-30 08:50:00,27.672,0,4.84629018773194,3
2018-08-30 08:55:00,14.502,0,4.84629018773194,3
2018-08-30 09:00:00,9.84,0,0.64413844416049,3
2018-08-30 09:05:00,5.04,0,0.64413844416049,3
2018-08-30 09:10:00,5.04,0,0.64413844416049,3
2018-08-30 09:15:00,5.04,0,4.84629018773194,3
2018-08-30 09:20:00,5.04,0,4.84629018773194,3
2018-08-30 09:25:00,5.04,0,4.84629018773194,3
2018-08-30 09:30:00,4.908,0,4.84629018773194,3
2018-08-30 09:35:00,4.71,0,4.84629018773194,3
2018-08-30 09:40:00,4.71,0,4.84629018773194,3
2018-08-30 09:45:00,6.636,0,4.84629018773194,3
2018-08-30 09:50:00,7.92,0,4.84629018773194,3
2018-08-30 09:55:00,7.92,0,4.84629018773194,3
2018-08-30 10:00:00,7.92,0,3.7938729412308,3
2018-08-30 10:05:00,6.93,0,3.7938729412308,3
2018-08-30 10:10:00,6.93,0,3.7938729412308,3
2018-08-30 10:15:00,14.55,0,3.7938729412308,3
2018-08-30 10:20:00,14.55,0,0.64413844416049,3
2018-08-30 10:25:00,14.958,0,4.84629018773194,3
2018-08-30 10:30:00,16.77,0,4.84629018773194,3
2018-08-30 10:35:00,16.062,0,4.84629018773194,3
2018-08-30 10:40:00,15,0,4.84629018773194,3
2018-08-30 10:45:00,15,0,4.84629018773194,3
2018-08-30 10:50:00,17.388,0,4.84629018773194,3
2018-08-30 10:55:00,21.96,0,4.84629018773194,3
2018-08-30 11:00:00,24.6,0,4.84629018773194,3
2018-08-30 11:05:00,22.602,0,4.84629018773194,3
2018-08-30 11:10:00,8.34,0,4.84629018773194,3
2018-08-30 11:15:00,8.34,0,0.64413844416049,3
2018-08-30 11:20:00,8.34,0,4.84629018773194,3
2018-08-30 11:25:00,8.34,0,0.64413844416049,3
2018-08-30 11:30:00,8.76,0,4.84629018773194,3
2018-08-30 11:35:00,9.12,0,4.84629018773194,3
2018-08-30 11:40:00,9.12,0,4.84629018773194,3
2018-08-30 11:45:00,9.12,0,4.84629018773194,3
2018-08-30 11:50:00,14.184,0,4.84629018773194,3
2018-08-30 11:55:00,19.422,0,4.84629018773194,3
2018-08-30 12:00:00,54.27,0,4.84629018773194,3
2018-08-30 12:05:00,73.332,0,4.84629018773194,3
2018-08-30 12:10:00,111.66,0,4.84629018773194,3
2018-08-30 12:15:00,55.008,0,4.84629018773194,3
2018-08-30 12:20:00,65.004,0,4.84629018773194,3
2018-08-30 12:25:00,59.988,0,4.84629018773194,3
2018-08-30 12:30:00,55.008,0,0.64413844416049,3
2018-08-30 12:35:00,34.026,0,4.84629018773194,3
2018-08-30 12:40:00,48.522,0,4.84629018773194,3
2018-08-30 12:45:00,29.19,0,4.84629018773194,3
2018-08-30 12:50:00,33.342,0,3.7938729412308,3
2018-08-30 12:55:00,33.348,0,3.7938729412308,3
2018-08-30 13:00:00,33.87,0,3.7938729412308,3
2018-08-30 13:05:00,22.332,0,3.7938729412308,3
2018-08-30 13:10:00,18.582,0,3.7938729412308,3
2018-08-30 13:15:00,20.19,0,3.7938729412308,3
2018-08-30 13:20:00,34.272,0,3.7938729412308,3
2018-08-30 13:25:00,33.228,0,3.7938729412308,3
2018-08-30 13:30:00,27.75,8.36136666666667,38.5421069007229,3
2018-08-30 13:35:00,26.154,19.9249333333333,107.212509482075,3
2018-08-30 13:40:00,21.462,25.9645666666667,197.410233044017,3
2018-08-30 13:45:00,16.872,29.7328,299.013219345006,3
2018-08-30 13:50:00,14.82,11.3275,527.448671971618,3
2018-08-30 13:55:00,13.686,2.59756666666667,1020.34462345839,3
2018-08-30 14:00:00,11.778,0,1432.35201142234,3
2018-08-30 14:05:00,11.49,0.483866666666667,1825.2350660457,3
2018-08-30 14:10:00,11.49,1.62313333333333,2190.10191155426,3
2018-08-30 14:15:00,24.978,0,2576.70945905483,3
2018-08-30 14:20:00,39.912,0,3070.96106590492,3
2018-08-30 14:25:00,48.66,0,3488.80012577939,3
2018-08-30 14:30:00,69.996,0,3952.71278984073,3
2018-08-30 14:35:00,64.992,0,4355.70965202684,3
2018-08-30 14:40:00,44.988,0,4789.85701654781,3
2018-08-30 14:45:00,31.944,0,5158.1205933861,3
2018-08-30 14:50:00,25.026,0,5534.63207899048,3
2018-08-30 14:55:00,20.508,0,5926.81047320693,3
2018-08-30 15:00:00,14.58,0,6338.78155599758,3
2018-08-30 15:05:00,15.414,0,6765.24239581073,3
2018-08-30 15:10:00,20.358,0,7208.88059989855,3
2018-08-30 15:15:00,29.292,0,7531.53085258477,3
2018-08-30 15:20:00,30,0,7848.18066573263,3
2018-08-30 15:25:00,28.56,0,8183.56642603559,3
2018-08-30 15:30:00,30.96,0,8589.1713727906,3
2018-08-30 15:35:00,36.972,0,8857.13670029139,3
2018-08-30 15:40:00,25.38,0,9201.48412643536,3
2018-08-30 15:45:00,25.38,0,9482.30806974684,3
2018-08-30 15:50:00,23.61,0,9763.72305887399,3
2018-08-30 15:55:00,17.616,0,10121.2993575213,3
2018-08-30 16:00:00,11.67,0,10402.7300346197,3
2018-08-30 16:05:00,11.67,0,10764.695388198,3
2018-08-30 16:10:00,9.822,0,10975.6885093343,3
2018-08-30 16:15:00,6.186,0,11340.7171686803,3
2018-08-30 16:20:00,5.61,0,11623.2853205477,3
2018-08-30 16:25:00,5.61,0,11846.9127533865,3
2018-08-30 16:30:00,5.61,0,12206.2214486627,3
2018-08-30 16:35:00,5.61,0,12496.8930752275,3
2018-08-30 16:40:00,5.61,0,12715.1493392603,3
2018-08-30 16:45:00,6.39,0,13088.9168694275,3
2018-08-30 16:50:00,6.39,3.13966666666667,13317.1894528192,3
2018-08-30 16:55:00,6.39,8.0865,13537.0792931868,3
2018-08-30 17:00:00,7.38,0.217966666666667,13924.9657541842,3
2018-08-30 17:05:00,8.304,5.11096666666667,14154.4783592942,3
2018-08-30 17:10:00,8.7,9.04906666666667,13988.8990181343,3
2018-08-30 17:15:00,8.7,0,14445.9870060684,3
2018-08-30 17:20:00,8.7,0,14665.449861052,3
2018-08-30 17:25:00,10.62,16.2608,14750.1130458639,3
2018-08-30 17:30:00,16.65,43.8623,13924.9657541842,3
2018-08-30 17:35:00,17.508,9.97866666666667,15128.8402174591,3
2018-08-30 17:40:00,22.716,0.925233333333333,15128.8402174591,3
2018-08-30 17:45:00,13.956,17.2421,14972.4108979832,3
2018-08-30 17:50:00,4.44,33.2698666666667,14445.9870060684,3
2018-08-30 17:55:00,0,29.4217,14294.6395101596,3
2018-08-30 18:00:00,0,14.5634333333333,14445.9870060684,3
2018-08-30 18:05:00,0,8.13696666666667,14750.1130458639,3
2018-08-30 18:10:00,0,12.1505333333333,14750.1130458639,3
2018-08-30 18:15:00,0,23.6225666666667,14665.449861052,3
2018-08-30 18:20:00,0,49.2251,13614.0138548121,3
2018-08-30 18:25:00,0,36.4330333333333,13752.2094762944,3
2018-08-30 18:30:00,0,11.1509666666667,13924.9657541842,3
2018-08-30 18:35:00,0,18.1383333333333,14750.1130458639,3
2018-08-30 18:40:00,0,59.5303666666667,12872.7487524948,3
2018-08-30 18:45:00,0,31.4553333333333,13924.9657541842,3
2018-08-30 18:50:00,0,69.0571333333333,12345.6535441475,3
2018-08-30 18:55:00,0,55.8130333333333,13158.1920186316,3
2018-08-30 19:00:00,0,31.6257,13021.6903507233,3
2018-08-30 19:05:00,0,50.8972666666667,12416.3499544385,3
2018-08-30 19:10:00,0,79.6075333333333,11918.0259806419,3
2018-08-30 19:15:00,0,74.0951,11697.1439055027,3
2018-08-30 19:20:00,0,51.1004666666667,11409.4399102489,3
2018-08-30 19:25:00,0,72.3545,11340.7171686803,3
2018-08-30 19:30:00,0,73.1478666666667,10903.4587081169,3
2018-08-30 19:35:00,0,75.3328666666667,10543.6483438487,3
2018-08-30 19:40:00,0,78.7962,10044.2053475184,3
2018-08-30 19:45:00,0,77.4802666666667,9694.95947127154,3
2018-08-30 19:50:00,0,86.5812333333333,9348.13700527854,3
2018-08-30 19:55:00,0,91.0034666666667,8857.13670029139,3
2018-08-30 20:00:00,0,91.4025333333333,8384.61909019103,3
2018-08-30 20:05:00,0,90.8598666666667,7912.51570614448,3
2018-08-30 20:10:00,0,90.4020666666667,7463.40853595194,3
2018-08-30 20:15:00,0,89.9955,7024.82192144177,3
2018-08-30 20:20:00,0,89.44,6516.73149169423,3
2018-08-30 20:25:00,0,89.039,6106.27020051172,3
2018-08-30 20:30:00,0,88.5477333333333,5642.99584514091,3
2018-08-30 20:35:00,0,87.8592333333333,5158.1205933861,3
2018-08-30 20:40:00,0,81.1925,4741.1115256504,3
2018-08-30 20:45:00,0,78.2885,4355.70965202684,3
2018-08-30 20:50:00,0,77.6056666666667,3952.71278984073,3
2018-08-30 20:55:00,0,76.8366333333333,3530.1221785511,3
2018-08-30 21:00:00,0,76.2967,3142.73785159321,3
2018-08-30 21:05:00,0,72.9484,2761.59307594696,3
2018-08-30 21:10:00,0,70.1006,2403.79995138768,3
2018-08-30 21:15:00,0,69.1209666666667,2063.9363449089,3
2018-08-30 21:20:00,0,68.4930666666667,1737.24202135299,3
2018-08-30 21:25:00,0,64.6655,1390.79290401515,3
2018-08-30 21:30:00,0,63.0817,1037.28199635635,3
2018-08-30 21:35:00,0,57.0422666666667,709.216007962598,3
2018-08-30 21:40:00,0,41.3816666666667,412.723405786312,3
2018-08-30 21:45:00,0,31.4646666666667,237.100848950286,3
2018-08-30 21:50:00,0,24.0032333333333,130.760981908707,3
2018-08-30 21:55:00,0,7.0137,56.8866604255022,3
2018-08-30 22:00:00,0,6.8714,39.2723197802116,3
2018-08-30 22:05:00,0,6.1473,0,3
2018-08-30 22:10:00,0,0,13.195619596685,3
2018-08-30 22:15:00,0,0,13.0789944466378,3
2018-08-30 22:20:00,0,0,1.95597757809381,3
2018-08-30 22:25:00,0,0,0,3
2018-08-30 22:30:00,0,0,3.63797880709171e-12,3
2018-08-30 22:35:00,0,0,4.84629018773194,3
2018-08-30 22:40:00,0,0,3.7938729412308,3
2018-08-30 22:45:00,0,0,13.417309920118,3
2018-08-30 22:50:00,0,0,20.8855654887744,3
2018-08-30 22:55:00,0,0,25.8644025345453,3
2018-08-30 23:00:00,0,0,30.8432395803163,3
2018-08-30 23:05:00,0,0,35.8220766260871,3
2018-08-30 23:10:00,0,0,38.1770004609785,3
2018-08-30 23:15:00,0,6.27376666666667,37.4467875814898,3
2018-08-30 23:20:00,0,0.580066666666667,12.0791381811261,3
2018-08-30 23:25:00,0,0,13.195619596685,3
2018-08-30 23:30:00,0,0,13.195619596685,3
2018-08-30 23:35:00,0,0,13.195619596685,3
2018-08-30 23:40:00,0,0,13.195619596685,3
2018-08-30 23:45:00,0,0,13.195619596685,3
2018-08-30 23:50:00,0,0,13.9395235832962,3
2018-08-30 23:55:00,0,0,13.9395235832962,3
2018-08-31 00:00:00,0,0,13.9395235832962,3
2018-10-06 21:00:00,0,0,1.95597757809381,4
2018-10-06 21:05:00,0,0,1.95597757809381,4
2018-10-06 21:10:00,0,0,1.95597757809381,4
2018-10-06 21:15:00,0,0,1.95597757809381,4
2018-10-06 21:20:00,0,0,1.95597757809381,4
2018-10-06 21:25:00,0,0,1.95597757809381,4
2018-10-06 21:30:00,0,0,1.95597757809381,4
2018-10-06 21:35:00,0,0,1.95597757809381,4
2018-10-06 21:40:00,0,0,1.95597757809381,4
2018-10-06 21:45:00,0,0,1.95597757809381,4
2018-10-06 21:50:00,0,0,1.95597757809381,4
2018-10-06 21:55:00,0,0,1.95597757809381,4
2018-10-06 22:00:00,0,0,1.95597757809381,4
2018-10-06 22:05:00,0,0,1.95597757809381,4
2018-10-06 22:10:00,0,0,1.95597757809381,4
2018-10-06 22:15:00,0,0,1.95597757809381,4
2018-10-06 22:20:00,0,0,1.95597757809381,4
2018-10-06 22:25:00,0,0,1.95597757809381,4
2018-10-06 22:30:00,0,0,1.95597757809381,4
2018-10-06 22:35:00,0,0,1.95597757809381,4
2018-10-06 22:40:00,0,0,1.95597757809381,4
2018-10-06 22:45:00,0,0,1.95597757809381,4
2018-10-06 22:50:00,0,0,1.95597757809381,4
2018-10-06 22:55:00,0,0,1.95597757809381,4
2018-10-06 23:00:00,0,0,1.95597757809381,4
2018-10-06 23:05:00,1.428,0,1.95597757809381,4
2018-10-06 23:10:00,8.472,0,1.95597757809381,4
2018-10-06 23:15:00,10.47,0,1.95597757809381,4
2018-10-06 23:20:00,9.618,0,1.95597757809381,4
2018-10-06 23:25:00,8.34,0,1.95597757809381,4
2018-10-06 23:30:00,8.34,0,1.95597757809381,4
2018-10-06 23:35:00,8.34,0,1.95597757809381,4
2018-10-06 23:40:00,16.68,0,1.95597757809381,4
2018-10-06 23:45:00,28.71,0,1.95597757809381,4
2018-10-06 23:50:00,36.774,0,1.95597757809381,4
2018-10-06 23:55:00,22.854,0,1.95597757809381,4
2018-10-07 00:00:00,21.246,0,1.95597757809381,4
2018-10-07 00:05:00,17.34,0,1.95597757809381,4
2018-10-07 00:10:00,18.456,0,1.95597757809381,4
2018-10-07 00:15:00,22.92,0,1.95597757809381,4
2018-10-07 00:20:00,60,0,1.95597770774839,4
2018-10-07 00:25:00,74.676,0,1.95597757809381,4
2018-10-07 00:30:00,48.684,0,1.95597757809381,4
2018-10-07 00:35:00,52.668,0,1.95597757809381,4
2018-10-07 00:40:00,10.884,0,1.95597757809381,4
2018-10-07 00:45:00,7.68,0,1.95597241719588,4
2018-10-07 00:50:00,7.68,0,1.95597757809381,4
2018-10-07 00:55:00,7.68,0,1.95597757809381,4
2018-10-07 01:00:00,7.68,0,1.95597770774839,4
2018-10-07 01:05:00,55.608,0,1.95597770774839,4
2018-10-07 01:10:00,76.656,0,1.95597295564907,4
2018-10-07 01:15:00,90,0,1.95597295564907,4
2018-10-07 01:20:00,43.344,0,1.95597295564907,4
2018-10-07 01:25:00,21.708,0,1.95597295564907,4
2018-10-07 01:30:00,22.734,0,1.95597295564907,4
2018-10-07 01:35:00,50.538,0,1.95597295564907,4
2018-10-07 01:40:00,75,0,1.95597295564907,4
2018-10-07 01:45:00,62.676,0,1.95597295564907,4
2018-10-07 01:50:00,50.676,0,1.95597295564907,4
2018-10-07 01:55:00,78.336,0,1.95597295564907,4
2018-10-07 02:00:00,45,0,1.95597295564907,4
2018-10-07 02:05:00,38.43,0,1.95597770774839,4
2018-10-07 02:10:00,17.76,0,1.95597770774839,4
2018-10-07 02:15:00,16.554,0,1.95597770774839,4
2018-10-07 02:20:00,17.748,0,1.95597770774839,4
2018-10-07 02:25:00,23.448,0,1.95597770774839,4
2018-10-07 02:30:00,49.332,0,1.95597770774839,4
2018-10-07 02:35:00,40.02,0,1.95597770774839,4
2018-10-07 02:40:00,17.502,0,1.95597770774839,4
2018-10-07 02:45:00,12.93,3.13486666666667,1.95597770774839,4
2018-10-07 02:50:00,12.21,13.7021,70.7493941419507,4
2018-10-07 02:55:00,11.13,19.5195,124.146741507732,4
2018-10-07 03:00:00,13.602,24.5894,189.500772955437,4
2018-10-07 03:05:00,14.22,1.88716666666667,272.900745468094,4
2018-10-07 03:10:00,22.518,0,696.977035849626,4
2018-10-07 03:15:00,24.456,0,1060.72776709548,4
2018-10-07 03:20:00,21.594,0,1410.171278243,4
2018-10-07 03:25:00,20.424,0,1716.01426127888,4
2018-10-07 03:30:00,21.996,0,2016.01397711371,4
2018-10-07 03:35:00,24.39,0,2346.70759441693,4
2018-10-07 03:40:00,22.05,0,2731.16869594155,4
2018-10-07 03:45:00,16.77,0,3107.58505804051,4
2018-10-07 03:50:00,14.34,0,3450.06941210656,4
2018-10-07 03:55:00,12.126,0,3864.16823604196,4
2018-10-07 04:00:00,10.65,0,4216.59043399437,4
2018-10-07 04:05:00,3.99,0,4597.00257594608,4
2018-10-07 04:10:00,3.99,0,4941.20038165638,4
2018-10-07 04:15:00,3.99,0,5315.45546617194,4
2018-10-07 04:20:00,1.596,0,5642.99584514091,4
2018-10-07 04:25:00,0,0,5984.88816745062,4
2018-10-07 04:30:00,0,0,6218.88969319159,4
2018-10-07 04:35:00,0,0,6516.73149169423,4
2018-10-07 04:40:00,0,0,6765.24239581073,4
2018-10-07 04:45:00,0,0,7024.82192144177,4
2018-10-07 04:50:00,0,0,7268.94792596224,4
2018-10-07 04:55:00,0,0,7463.40853595194,4
2018-10-07 05:00:00,0,0,7593.01484884914,4
2018-10-07 05:05:00,0,0,7784.98913358401,4
2018-10-07 05:10:00,0,0,7983.4451066087,4
2018-10-07 05:15:00,0,0,8048.1678518319,4
2018-10-07 05:20:00,0,0,8109.79893398755,4
2018-10-07 05:25:00,0,3.4892,8252.58309933962,4
2018-10-07 05:30:00,0,14.6429333333333,8183.56642603559,4
2018-10-07 05:35:00,0,6.483,8183.56642603559,4
2018-10-07 05:40:00,0,33.3668,7983.4451066087,4
2018-10-07 05:45:00,0,33.6166,7912.51570614448,4
2018-10-07 05:50:00,0,29.8375,7784.98913358401,4
2018-10-07 05:55:00,0,38.3141666666667,7656.56139685728,4
2018-10-07 06:00:00,0,40.3362333333333,7336.61971023723,4
2018-10-07 06:05:00,0,35.7949666666667,7268.94792596224,4
2018-10-07 06:10:00,0,42.8914,7143.55395736797,4
2018-10-07 06:15:00,0,68.5955333333333,6462.0338828904,4
2018-10-07 06:20:00,0,43.0823,6285.32565723017,4
2018-10-07 06:25:00,0,76.1908666666667,6106.27020051172,4
2018-10-07 06:30:00,0,83.4951333333333,5534.63207899048,4
2018-10-07 06:35:00,0,81.1966333333333,5100.85236127854,4
2018-10-07 06:40:00,0,82.1496333333333,4688.37049972742,4
2018-10-07 06:45:00,0,81.6670333333333,4310.0199932269,4
2018-10-07 06:50:00,0,80.8333333333333,3864.16823604196,4
2018-10-07 06:55:00,0,80.3154333333333,3450.06941210656,4
2018-10-07 07:00:00,0,79.5215333333333,3037.08875694372,4
2018-10-07 07:05:00,0,71.5645666666667,2666.17046469321,4
2018-10-07 07:10:00,0,69.5772666666667,2295.50459479856,4
2018-10-07 07:15:00,0,68.6854333333333,1967.47164729256,4
2018-10-07 07:20:00,0,66.1134,1608.31660435719,4
2018-10-07 07:25:00,0,62.7943,1283.36569856301,4
2018-10-07 07:30:00,0,61.3447,941.3252873912,4
2018-10-07 07:35:00,0,53.9179666666667,610.023343988146,4
2018-10-07 07:40:00,0,37.4114,315.066745595077,4
2018-10-07 07:45:00,0,17.4391,189.500772955437,4
2018-10-07 07:50:00,0,15.9978666666667,103.06192003339,4
2018-10-07 07:55:00,0,6.03816666666667,48.7650872135648,4
2018-10-07 08:00:00,0,6.3889,34.5773673646444,4
2018-10-07 08:05:00,0,4.1901,1.95597241719588,4
2018-10-07 08:10:00,0,0,13.195619596685,4
2018-10-07 08:15:00,0,0,13.0789944466378,4
2018-10-07 08:20:00,0,0,1.95597241719588,4
2018-10-07 08:25:00,0,0,0,4
2018-10-07 08:30:00,0,0,0.644137891136779,4
2018-10-07 08:35:00,0,0,4.84629018773194,4
2018-10-07 08:40:00,0,0,8.43847287434714,4
2018-10-07 08:45:00,0,0,17.1514377044461,4
2018-10-07 08:50:00,0,0,23.3749840116598,4
2018-10-07 08:55:00,0,0,29.5985303188736,4
2018-10-07 09:00:00,0,0,34.5773673646444,4
2018-10-07 09:05:00,0,0,38.1770004609785,4
2018-10-07 09:10:00,0,5.58733333333333,39.2723197802116,4
2018-10-07 09:15:00,0,2.40563333333333,13.9395235832962,4
2018-10-07 09:20:00,0,0,13.195619596685,4
2018-10-07 09:25:00,0,0,13.195619596685,4
2018-10-07 09:30:00,0,0,13.195619596685,4
2018-10-07 09:35:00,0,0,13.195619596685,4
2018-10-07 09:40:00,0,0,13.4863431362346,4
2018-10-07 09:45:00,0,0,13.9395235832962,4
2018-10-07 09:50:00,0,0,13.9395235832962,4
2018-10-07 09:55:00,0,0,13.9395235832962,4
2018-10-07 10:00:00,0,0,13.9395235832962,4
2018-10-07 10:05:00,0,0,13.9395235832962,4
2018-10-07 10:10:00,0,0,13.0889016229579,4
2018-10-07 10:15:00,0,0,13.0789944466378,4
2018-10-07 10:20:00,0,0,13.0789944466378,4
2018-10-07 10:25:00,0,0,13.0789944466378,4
2018-10-07 10:30:00,0,0,13.0789944466378,4
2018-10-07 10:35:00,0,0,13.0789944466378,4
2018-10-07 10:40:00,0,0,13.0789944466378,4
2018-10-07 10:45:00,0,0,13.0789944466378,4
2018-10-07 10:50:00,0,0,13.0789944466378,4
2018-10-07 10:55:00,0,0,13.0789944466378,4
2018-10-07 11:00:00,0,0,13.0789944466378,4
2018-10-07 11:05:00,0,0,13.0789944466378,4
2018-10-07 11:10:00,0,0,12.4823178541371,4
2018-10-07 11:15:00,0,0,12.4755821999352,4
2018-10-07 11:20:00,0,0,1.95597295564907,4
2018-10-07 11:25:00,0,0,1.95597770774839,4
2018-10-07 11:30:00,0,0,1.95597770774839,4
2018-10-07 11:35:00,0,0,1.95597757809381,4
2018-10-07 11:40:00,0,0,1.95597757809381,4
2018-10-07 11:45:00,0,0,1.95597241719588,4
2018-10-07 11:50:00,0,0,1.95597241719588,4
2018-10-07 11:55:00,0,0,1.95597241719588,4
2018-10-07 12:00:00,0,0,1.95597241719588,4
2018-11-11 00:00:00,0,0,13.0789944466378,5
2018-11-11 00:05:00,0,0,13.0789944466378,5
2018-11-11 00:10:00,0,0,13.0789944466378,5
2018-11-11 00:15:00,0,0,13.0789944466378,5
2018-11-11 00:20:00,0,0,13.0789944466378,5
2018-11-11 00:25:00,0,0,13.0789944466378,5
2018-11-11 00:30:00,0,0,13.0789944466378,5
2018-11-11 00:35:00,0,0,13.0789944466378,5
2018-11-11 00:40:00,0,0,13.0789944466378,5
2018-11-11 00:45:00,0,0,13.0789944466378,5
2018-11-11 00:50:00,0,0,13.0789944466378,5
2018-11-11 00:55:00,0,0,13.0789944466378,5
2018-11-11 01:00:00,0,0,13.0789944466378,5
2018-11-11 01:05:00,0,0,13.0789944466378,5
2018-11-11 01:10:00,0,0,13.0789944466378,5
2018-11-11 01:15:00,0,0,13.0789944466378,5
2018-11-11 01:20:00,0,0,13.0789944466378,5
2018-11-11 01:25:00,0,0,13.0789944466378,5
2018-11-11 01:30:00,0,0,13.0789944466378,5
2018-11-11 01:35:00,1.704,0,13.0789944466378,5
2018-11-11 01:40:00,2.13,0,13.0789944466378,5
2018-11-11 01:45:00,2.13,0,13.0789944466378,5
2018-11-11 01:50:00,2.13,0,13.0789944466378,5
2018-11-11 01:55:00,2.13,0,13.0789944466378,5
2018-11-11 02:00:00,2.13,0,13.0789944466378,5
2018-11-11 02:05:00,2.13,0,13.0789944466378,5
2018-11-11 02:10:00,2.13,0,13.0789944466378,5
2018-11-11 02:15:00,2.13,0,13.0789944466378,5
2018-11-11 02:20:00,1.278,0,13.0789944466378,5
2018-11-11 02:25:00,0,0,13.0789944466378,5
2018-11-11 02:30:00,0,0,13.0789944466378,5
2018-11-11 02:35:00,0,0,13.0789944466378,5
2018-11-11 02:40:00,0,0,13.0789944466378,5
2018-11-11 02:45:00,0,0,13.0789944466378,5
2018-11-11 02:50:00,0,0,13.0789944466378,5
2018-11-11 02:55:00,0,0,13.0789944466378,5
2018-11-11 03:00:00,0,0,13.0789944466378,5
2018-11-11 03:05:00,0,0,13.0789944466378,5
2018-11-11 03:10:00,0,0,13.0789944466378,5
2018-11-11 03:15:00,0,0,13.0789944466378,5
2018-11-11 03:20:00,0,0,13.0789944466378,5
2018-11-11 03:25:00,0,0,13.0789944466378,5
2018-11-11 03:30:00,0,0,13.0789944466378,5
2018-11-11 03:35:00,0,0,13.0789944466378,5
2018-11-11 03:40:00,0,0,13.0789944466378,5
2018-11-11 03:45:00,0,0,13.0789944466378,5
2018-11-11 03:50:00,0,0,13.0789944466378,5
2018-11-11 03:55:00,0,0,13.0789944466378,5
2018-11-11 04:00:00,0,0,13.0789944466378,5
2018-11-11 04:05:00,0,0,13.0789944466378,5
2018-11-11 04:10:00,0,0,13.0789944466378,5
2018-11-11 04:15:00,0,0,13.0789944466378,5
2018-11-11 04:20:00,0,0,13.0789944466378,5
2018-11-11 04:25:00,0,0,13.0789944466378,5
2018-11-11 04:30:00,0,0,13.0789944466378,5
2018-11-11 04:35:00,0,0,13.0789944466378,5
2018-11-11 04:40:00,2.61,0,13.0789944466378,5
2018-11-11 04:45:00,7.686,0,13.0789944466378,5
2018-11-11 04:50:00,8.52,0,13.0789944466378,5
2018-11-11 04:55:00,8.52,0,13.0789944466378,5
2018-11-11 05:00:00,8.52,0,13.0789944466378,5
2018-11-11 05:05:00,10.05,0,13.0789944466378,5
2018-11-11 05:10:00,13.56,0,13.0789944466378,5
2018-11-11 05:15:00,13.56,0,13.0789944466378,5
2018-11-11 05:20:00,15.486,0,13.0789944466378,5
2018-11-11 05:25:00,16.77,0,13.0789944466378,5
2018-11-11 05:30:00,16.77,0,13.0789944466378,5
2018-11-11 05:35:00,17.298,0,13.0789944466378,5
2018-11-11 05:40:00,17.43,0,13.0789944466378,5
2018-11-11 05:45:00,19.806,0,13.0789944466378,5
2018-11-11 05:50:00,23.37,0,13.0789944466378,5
2018-11-11 05:55:00,19.08,0,13.0789944466378,5
2018-11-11 06:00:00,19.08,0,13.0789944466378,5
2018-11-11 06:05:00,21.798,0,13.0789944466378,5
2018-11-11 06:10:00,22.836,0,13.0789944466378,5
2018-11-11 06:15:00,26.79,0,13.0789944466378,5
2018-11-11 06:20:00,23.682,0,13.0789944466378,5
2018-11-11 06:25:00,22.2,0,13.0789944466378,5
2018-11-11 06:30:00,31.944,0,13.0789944466378,5
2018-11-11 06:35:00,29.64,0,13.0789944466378,5
2018-11-11 06:40:00,27.852,0,13.0789944466378,5
2018-11-11 06:45:00,20.19,0,13.0789944466378,5
2018-11-11 06:50:00,16.854,0,13.0789944466378,5
2018-11-11 06:55:00,16.944,0,13.0789944466378,5
2018-11-11 07:00:00,20.706,0,13.0789944466378,5
2018-11-11 07:05:00,30.27,0,13.0789944466378,5
2018-11-11 07:10:00,27.114,0,13.0789944466378,5
2018-11-11 07:15:00,18.042,0,13.0789944466378,5
2018-11-11 07:20:00,14.82,0,13.0789944466378,5
2018-11-11 07:25:00,12.39,0,13.0789944466378,5
2018-11-11 07:30:00,12.102,0,13.0789944466378,5
2018-11-11 07:35:00,11.91,0,13.0789944466378,5
2018-11-11 07:40:00,14.196,0,13.0789944466378,5
2018-11-11 07:45:00,26.004,0,13.0789944466378,5
2018-11-11 07:50:00,23.61,0,13.0789944466378,5
2018-11-11 07:55:00,27.51,0,13.0789944466378,5
2018-11-11 08:00:00,22.38,0,13.0789944466378,5
2018-11-11 08:05:00,15.864,0,13.0789944466378,5
2018-11-11 08:10:00,13.92,0,13.0789944466378,5
2018-11-11 08:15:00,15.33,0,13.0789944466378,5
2018-11-11 08:20:00,20.838,0,13.0789944466378,5
2018-11-11 08:25:00,37.164,0,13.0789944466378,5
2018-11-11 08:30:00,43.668,0,13.0789944466378,5
2018-11-11 08:35:00,47.988,0,13.0789944466378,5
2018-11-11 08:40:00,63,0,13.0789944466378,5
2018-11-11 08:45:00,37.014,1.1516,13.0789944466378,5
2018-11-11 08:50:00,26.958,13.1687333333333,64.5292712097707,5
2018-11-11 08:55:00,20.274,16.7608,96.1442709522485,5
2018-11-11 09:00:00,18.774,21.358,134.068102109194,5
2018-11-11 09:05:00,22.998,21.7679666666667,165.63823499409,5
2018-11-11 09:10:00,16.002,25.9232,205.06931779767,5
2018-11-11 09:15:00,0,27.5412666666667,231.04264899243,5
2018-11-11 09:20:00,0,27.9029666666667,270.838093099697,5
2018-11-11 09:25:00,0,18.5141666666667,324.102400563757,5
2018-11-11 09:30:00,0,0,620.124711149692,5
2018-11-11 09:35:00,0,0,955.036247858666,5
2018-11-11 09:40:00,0,0,1265.67632825725,5
2018-11-11 09:45:00,0,5.62683333333333,1530.88644395992,5
2018-11-11 09:50:00,0,13.2350666666667,1566.91249855264,5
2018-11-11 09:55:00,0,0,1944.03947593185,5
2018-11-11 10:00:00,0,0,2063.9363449089,5
2018-11-11 10:05:00,0,0,2458.30580479882,5
2018-11-11 10:10:00,0,0,2697.22539934399,5
2018-11-11 10:15:00,0,0,3037.08875694372,5
2018-11-11 10:20:00,0,0,3320.58934896894,5
2018-11-11 10:25:00,0,0,3615.71684166573,5
2018-11-11 10:30:00,0,0,3952.71278984073,5
2018-11-11 10:35:00,0,0,4261.24761404085,5
2018-11-11 10:40:00,0,0,4544.34577534744,5
2018-11-11 10:45:00,0,0,4741.1115256504,5
2018-11-11 10:50:00,0,0,4998.98415147333,5
2018-11-11 10:55:00,0,0,5202.63007190478,5
2018-11-11 11:00:00,0,15.9690333333333,5315.45546617194,5
2018-11-11 11:05:00,0,29.0954333333333,5315.45546617194,5
2018-11-11 11:10:00,0,5.85266666666667,5422.04811089131,5
2018-11-11 11:15:00,0,45.2965666666667,5315.45546617194,5
2018-11-11 11:20:00,0,43.3623666666667,4941.20038165638,5
2018-11-11 11:25:00,0,35.4361,4941.20038165638,5
2018-11-11 11:30:00,0,59.8817,4597.00257594608,5
2018-11-11 11:35:00,0,43.1495,4544.34577534744,5
2018-11-11 11:40:00,0,62.4185333333333,4164.9653421243,5
2018-11-11 11:45:00,0,62.0184666666667,3776.30963349483,5
2018-11-11 11:50:00,0,66.8574666666667,3488.80012577939,5
2018-11-11 11:55:00,0,70.5732666666667,3107.58505804051,5
2018-11-11 12:00:00,0,58.5761333333333,2795.35608305959,5
2018-11-11 12:05:00,0,64.5648666666667,2486.74753061467,5
2018-11-11 12:10:00,0,65.7341,2140.08541597407,5
2018-11-11 12:15:00,0,64.7079666666667,1852.33606015524,5
2018-11-11 12:20:00,0,63.5678,1504.15941435077,5
2018-11-11 12:25:00,0,62.2171333333333,1190.69045527923,5
2018-11-11 12:30:00,0,58.9662,839.338452807544,5
2018-11-11 12:35:00,0,50.8727333333333,527.448671971618,5
2018-11-11 12:40:00,0,32.518,282.103125343766,5
2018-11-11 12:45:00,0,21.0449666666667,171.604516744525,5
2018-11-11 12:50:00,0,12.3625,84.4489506673831,5
2018-11-11 12:55:00,0,6.3736,29.5985303188736,5
2018-11-11 13:00:00,0,5.82583333333333,25.8644025345453,5
2018-11-11 13:05:00,0,2.66963333333333,13.0789944466378,5
2018-11-11 13:10:00,0,0,13.195619596685,5
2018-11-11 13:15:00,0,0,13.0789944466378,5
2018-11-11 13:20:00,0,0,1.95597241719588,5
2018-11-11 13:25:00,0,0,0,5
2018-11-11 13:30:00,0,0,0.644137891136779,5
2018-11-11 13:35:00,0,0,3.7938729412308,5
2018-11-11 13:40:00,0,0,8.43847287434714,5
2018-11-11 13:45:00,0,0,17.1514377044461,5
2018-11-11 13:50:00,0,0,25.8644025345453,5
2018-11-11 13:55:00,0,0,32.087948841759,5
2018-11-11 14:00:00,0,0,37.4467875814898,5
2018-11-11 14:05:00,0,4.7526,39.2723197802116,5
2018-11-11 14:10:00,0,3.12846666666667,1.95597295564907,5
2018-11-11 14:15:00,0,0,13.195619596685,5
2018-11-11 14:20:00,0,0,13.195619596685,5
2018-11-11 14:25:00,0,0,13.8738334702449,5
2018-11-11 14:30:00,0,0,13.195619596685,5
2018-11-11 14:35:00,0,0,13.9395235832962,5
2018-11-11 14:40:00,0,0,13.9395235832962,5
2018-11-11 14:45:00,0,0,13.9395235832962,5
2018-11-11 14:50:00,0,0,13.726506836467,5
2018-11-11 14:55:00,0,0,13.0789944466378,5
2018-11-11 15:00:00,0,0,13.0789944466378,5
2018-11-11 15:05:00,0,0,13.0789944466378,5
2018-11-11 15:10:00,0,0,13.0789944466378,5
2018-11-11 15:15:00,0,0,13.0789944466378,5
2018-11-11 15:20:00,0,0,13.0789944466378,5
2018-11-11 15:25:00,0,0,13.0789944466378,5
2018-11-11 15:30:00,0,0,4.29412613461656,5
2018-11-11 15:35:00,0,0,4.29412613461656,5
2018-11-11 15:40:00,0,0,12.4755821999352,5
2018-11-11 15:45:00,0,0,1.95597770774839,5
2018-11-11 15:50:00,0,0,1.95597757809381,5
2018-11-11 15:55:00,0,0,1.95597241719588,5
2018-11-11 16:00:00,0,0,1.95597241719588,5
2018-12-21 12:00:00,0,0,37.8118940212342,6
2018-12-21 12:05:00,0,0,37.8118940212342,6
2018-12-21 12:10:00,0,0,37.8118940212342,6
2018-12-21 12:15:00,0,0,37.4467875814898,6
2018-12-21 12:20:00,0,0,37.4467875814898,6
2018-12-21 12:25:00,0,0,37.4467875814898,6
2018-12-21 12:30:00,0,0,37.0667858875298,6
2018-12-21 12:35:00,0,0,37.0667858875298,6
2018-12-21 12:40:00,0,0.756966666666667,35.8220766260871,6
2018-12-21 12:45:00,0,0,37.4467875814898,6
2018-12-21 12:50:00,0,0,35.8220766260871,6
2018-12-21 12:55:00,0,0,37.4467875814898,6
2018-12-21 13:00:00,0,0,37.4467875814898,6
2018-12-21 13:05:00,0,0,37.4467875814898,6
2018-12-21 13:10:00,0,0,37.8118940212342,6
2018-12-21 13:15:00,0,0,37.8118940212342,6
2018-12-21 13:20:00,0,0,37.8118940212342,6
2018-12-21 13:25:00,0,0,37.8118940212342,6
2018-12-21 13:30:00,0,0,38.1770004609785,6
2018-12-21 13:35:00,0,0,38.1770004609785,6
2018-12-21 13:40:00,0,0,37.8118940212342,6
2018-12-21 13:45:00,0,0,37.4467875814898,6
2018-12-21 13:50:00,0,0,37.8118940212342,6
2018-12-21 13:55:00,0,0,37.8118940212342,6
2018-12-21 14:00:00,0,0,37.4467875814898,6
2018-12-21 14:05:00,0,0,37.4467875814898,6
2018-12-21 14:10:00,0,0,37.8118940212342,6
2018-12-21 14:15:00,0,0,37.8118940212342,6
2018-12-21 14:20:00,0,0,37.8118940212342,6
2018-12-21 14:25:00,0,0,37.8118940212342,6
2018-12-21 14:30:00,0,0,37.8118940212342,6
2018-12-21 14:35:00,0,0,37.4467875814898,6
2018-12-21 14:40:00,0,0,37.4467875814898,6
2018-12-21 14:45:00,0,0,37.4467875814898,6
2018-12-21 14:50:00,0,0,37.4467875814898,6
2018-12-21 14:55:00,0,0,37.0667858875298,6
2018-12-21 15:00:00,0,0,37.0667858875298,6
2018-12-21 15:05:00,0,0,37.0667858875298,6
2018-12-21 15:10:00,0,0,37.0667858875298,6
2018-12-21 15:15:00,0,0,35.8220766260871,6
2018-12-21 15:20:00,1.248,0,37.0667858875298,6
2018-12-21 15:25:00,3.12,0,37.0667858875298,6
2018-12-21 15:30:00,3.12,0,37.0667858875298,6
2018-12-21 15:35:00,4.74,0,37.0667858875298,6
2018-12-21 15:40:00,5.82,0,37.0667858875298,6
2018-12-21 15:45:00,5.82,0,37.0667858875298,6
2018-12-21 15:50:00,5.82,0,38.1770004609785,6
2018-12-21 15:55:00,6.69,0,37.8118940212342,6
2018-12-21 16:00:00,6.69,0,38.1770004609785,6
2018-12-21 16:05:00,6.69,0,37.8118940212342,6
2018-12-21 16:10:00,7.104,0,37.8118940212342,6
2018-12-21 16:15:00,8.76,0,37.8118940212342,6
2018-12-21 16:20:00,9.54,0,35.8220766260871,6
2018-12-21 16:25:00,9.54,0,38.1770004609785,6
2018-12-21 16:30:00,9.54,0,37.4467875814898,6
2018-12-21 16:35:00,14.76,0,38.1770004609785,6
2018-12-21 16:40:00,19.824,0,38.1770004609785,6
2018-12-21 16:45:00,20.19,0,38.5421069007229,6
2018-12-21 16:50:00,15.33,0,38.1770004609785,6
2018-12-21 16:55:00,14.73,0,38.1770004609785,6
2018-12-21 17:00:00,14.58,0,38.5421069007229,6
2018-12-21 17:05:00,14.136,0,38.5421069007229,6
2018-12-21 17:10:00,12.03,0,38.5421069007229,6
2018-12-21 17:15:00,11.67,0,38.5421069007229,6
2018-12-21 17:20:00,10.23,0,38.5421069007229,6
2018-12-21 17:25:00,10.23,0,38.5421069007229,6
2018-12-21 17:30:00,14.022,0,38.5421069007229,6
2018-12-21 17:35:00,20.274,0,38.5421069007229,6
2018-12-21 17:40:00,22.968,0,38.1770004609785,6
2018-12-21 17:45:00,21.6,0,37.4467875814898,6
2018-12-21 17:50:00,23.37,0,38.1770004609785,6
2018-12-21 17:55:00,27.498,0,37.4467875814898,6
2018-12-21 18:00:00,26.79,0,35.8220766260871,6
2018-12-21 18:05:00,26.154,0,34.5773673646444,6
2018-12-21 18:10:00,24.318,0,37.8118940212342,6
2018-12-21 18:15:00,27.612,0,37.4467875814898,6
2018-12-21 18:20:00,44.016,0,37.8118940212342,6
2018-12-21 18:25:00,38.352,0,37.8118940212342,6
2018-12-21 18:30:00,45,0,37.8118940212342,6
2018-12-21 18:35:00,32.886,0,38.1770004609785,6
2018-12-21 18:40:00,16.23,0,38.1770004609785,6
2018-12-21 18:45:00,15.258,0,38.1770004609785,6
2018-12-21 18:50:00,13.608,0,38.1770004609785,6
2018-12-21 18:55:00,13.32,0,38.5421069007229,6
2018-12-21 19:00:00,23.988,0,38.1770004609785,6
2018-12-21 19:05:00,32.01,0,37.4467875814898,6
2018-12-21 19:10:00,36.396,0,35.8220766260871,6
2018-12-21 19:15:00,30.852,0,37.8118940212342,6
2018-12-21 19:20:00,29.706,0,37.0667858875298,6
2018-12-21 19:25:00,32.79,0,37.4467875814898,6
2018-12-21 19:30:00,26.436,0,38.1770004609785,6
2018-12-21 19:35:00,24.174,0,38.5421069007229,6
2018-12-21 19:40:00,20.1,0,35.8220766260871,6
2018-12-21 19:45:00,15.552,0,38.5421069007229,6
2018-12-21 19:50:00,15,0,38.5421069007229,6
2018-12-21 19:55:00,21.948,14.9372333333333,43.2884906173995,6
2018-12-21 20:00:00,32.37,25.6319666666667,266.7127883629,6
2018-12-21 20:05:00,52.32,0.455333333333333,1228.37156084192,6
2018-12-21 20:10:00,33.222,0,1673.77194820728,6
2018-12-21 20:15:00,27.78,0,2063.9363449089,6
2018-12-21 20:20:00,34.32,0,2321.3631287102,6
2018-12-21 20:25:00,21.6,0,2544.64368339545,6
2018-12-21 20:30:00,21.6,0,2697.22539934399,6
2018-12-21 20:35:00,26.79,0,2795.35608305959,6
2018-12-21 20:40:00,25.728,0,2900.76119414629,6
2018-12-21 20:45:00,25.02,0,2965.91377976505,6
2018-12-21 20:50:00,25.944,0,3037.08875694372,6
2018-12-21 20:55:00,22.266,0,3037.08875694372,6
2018-12-21 21:00:00,21.318,0,3219.78389249202,6
2018-12-21 21:05:00,23.676,0,3615.71684166573,6
2018-12-21 21:10:00,26.79,0,3952.71278984073,6
2018-12-21 21:15:00,24.672,0,4450.77226340662,6
2018-12-21 21:20:00,30.972,0,4843.60772630327,6
2018-12-21 21:25:00,49.332,0,5259.11886966624,6
2018-12-21 21:30:00,43.332,0,5697.85175299961,6
2018-12-21 21:35:00,43.668,0,6106.27020051172,6
2018-12-21 21:40:00,39.018,0,6462.0338828904,6
2018-12-21 21:45:00,34.026,0,6830.31202947039,6
2018-12-21 21:50:00,31.92,0,7208.88059989855,6
2018-12-21 21:55:00,30.96,0,7593.01484884914,6
2018-12-21 22:00:00,26.79,0,7912.51570614448,6
2018-12-21 22:05:00,24.006,0,8384.61909019103,6
2018-12-21 22:10:00,21.096,0,8795.31341424458,6
2018-12-21 22:15:00,18.69,0,9201.48412643536,6
2018-12-21 22:20:00,16.56,0,9618.70867869229,6
2018-12-21 22:25:00,14.28,0,10044.2053475184,6
2018-12-21 22:30:00,14.496,0,10474.4925870117,6
2018-12-21 22:35:00,16.404,0,10903.4587081169,6
2018-12-21 22:40:00,18.78,0,11409.4399102489,6
2018-12-21 22:45:00,12.654,0,11770.8093532394,6
2018-12-21 22:50:00,9.54,0,12131.5767003442,6
2018-12-21 22:55:00,9.54,0,12567.5407661916,6
2018-12-21 23:00:00,9.54,0,13021.6903507233,6
2018-12-21 23:05:00,8.448,0,13388.622081351,6
2018-12-21 23:10:00,7.11,0,13752.2094762944,6
2018-12-21 23:15:00,7.11,0,14154.4783592942,6
2018-12-21 23:20:00,7.11,0,14522.8363990766,6
2018-12-21 23:25:00,7.11,0,14904.914958719,6
2018-12-21 23:30:00,8.766,0,15361.3846054919,6
2018-12-21 23:35:00,9.18,0,15572.4715220025,6
2018-12-21 23:40:00,14.922,0,15875.1495707088,6
2018-12-21 23:45:00,19.29,0,16254.8576251465,6
2018-12-21 23:50:00,19.65,0,16471.6272132833,6
2018-12-21 23:55:00,18.282,0,16769.1629997488,6
2018-12-22 00:00:00,15.846,0,16985.5173196376,6
2018-12-22 00:05:00,15.75,0,17355.8042761324,6
2018-12-22 00:10:00,15.75,0,17578.4102429424,6
2018-12-22 00:15:00,20.43,0,17924.4000853911,6
2018-12-22 00:20:00,18.258,0,18205.8041993749,6
2018-12-22 00:25:00,12.69,0,18359.8027674497,6
2018-12-22 00:30:00,12.594,0,18630.9180079726,6
2018-12-22 00:35:00,12.21,0,18906.1718817222,6
2018-12-22 00:40:00,12.21,0,19102.9741014806,6
2018-12-22 00:45:00,11.988,7.00143333333333,19361.0818734857,6
2018-12-22 00:50:00,11.1,8.69843333333333,19865.4911971015,6
2018-12-22 00:55:00,11.1,29.1687666666667,19035.3386186842,6
2018-12-22 01:00:00,11.79,16.335,19495.3719911192,6
2018-12-22 01:05:00,12.204,0.478466666666667,19865.4911971015,6
2018-12-22 01:10:00,12.48,49.515,19417.9987366069,6
2018-12-22 01:15:00,13.2,41.9828333333333,19677.0009451242,6
2018-12-22 01:20:00,13.548,4.76056666666667,18906.1718817222,6
2018-12-22 01:25:00,13.8,36.5189,19677.0009451242,6
2018-12-22 01:30:00,15.75,40.9672333333333,20758.9256978607,6
2018-12-22 01:35:00,15.582,58.4638666666667,19102.9741014806,6
2018-12-22 01:40:00,13.05,18.6057,20006.3953028187,6
2018-12-22 01:45:00,12.48,15.4859666666667,20467.3518865832,6
2018-12-22 01:50:00,11.79,69.2954666666667,19361.0818734857,6
2018-12-22 01:55:00,6.816,62.5242,19233.3129482679,6
2018-12-22 02:00:00,5.34,59.5026,19417.9987366069,6
2018-12-22 02:05:00,5.34,38.0771333333333,19168.0342752697,6
2018-12-22 02:10:00,5.34,13.1385333333333,17639.6288346972,6
2018-12-22 02:15:00,5.34,0.0716666666666667,18073.789134284,6
2018-12-22 02:20:00,5.34,0,18073.789134284,6
2018-12-22 02:25:00,5.34,0,19102.9741014806,6
2018-12-22 02:30:00,5.58,0,19361.0818734857,6
2018-12-22 02:35:00,6.492,0,18421.4711721141,6
2018-12-22 02:40:00,6.72,0,18283.9115703922,6
2018-12-22 02:45:00,6.72,0,19233.3129482679,6
2018-12-22 02:50:00,6.72,23.7496333333333,18906.1718817222,6
2018-12-22 02:55:00,6.72,20.2988,18421.4711721141,6
2018-12-22 03:00:00,7.944,12.0572333333333,18421.4711721141,6
2018-12-22 03:05:00,9.78,20.3680333333333,17503.010993133,6
2018-12-22 03:10:00,9.78,51.2152,17639.6288346972,6
2018-12-22 03:15:00,9.78,65.5496,16841.8855735402,6
2018-12-22 03:20:00,10.074,75.4016,16769.1629997488,6
2018-12-22 03:25:00,11.25,58.5209666666667,19297.198566108,6
2018-12-22 03:30:00,11.25,59.9584666666667,18139.2057027351,6
2018-12-22 03:35:00,11.25,60.5905666666667,15949.5674425191,6
2018-12-22 03:40:00,12.222,37.4421333333333,16398.6125112109,6
2018-12-22 03:45:00,14.22,53.1159,15717.8919774852,6
2018-12-22 03:50:00,14.22,49.7083333333333,16705.1044859457,6
2018-12-22 03:55:00,13.776,47.9524666666667,16254.8576251465,6
2018-12-22 04:00:00,13.92,59.0365333333333,17710.2574261614,6
2018-12-22 04:05:00,13.704,67.2011666666667,17275.3962063631,6
2018-12-22 04:10:00,14.88,60.5261333333333,16471.6272132833,6
2018-12-22 04:15:00,17.13,33.7172666666667,15572.4715220025,6
2018-12-22 04:20:00,14.004,66.947,13838.120477511,6
2018-12-22 04:25:00,10.26,76.4404666666667,15361.3846054919,6
2018-12-22 04:30:00,10.26,66.0968,15361.3846054919,6
2018-12-22 04:35:00,10.26,60.1902,14665.449861052,6
2018-12-22 04:40:00,9.24,39.3881,13460.1009201598,6
2018-12-22 04:45:00,8.4,48.5424666666667,12567.5407661916,6
2018-12-22 04:50:00,8.4,30.8569666666667,14590.6968778755,6
2018-12-22 04:55:00,8.4,71.759,12277.6105942092,6
2018-12-22 05:00:00,8.052,64.0457333333333,11846.9127533865,6
2018-12-22 05:05:00,7.716,55.579,11554.5835487634,6
2018-12-22 05:10:00,8.46,17.1201,13388.622081351,6
2018-12-22 05:15:00,8.46,32.7097,11340.7171686803,6
2018-12-22 05:20:00,8.46,15.7831,11623.2853205477,6
2018-12-22 05:25:00,8.46,36.7827333333333,11190.222553796,6
2018-12-22 05:30:00,0,49.8907,11340.7171686803,6
2018-12-22 05:35:00,0,14.7200333333333,11340.7171686803,6
2018-12-22 05:40:00,0,21.2897666666667,11478.6172758438,6
2018-12-22 05:45:00,0,18.7542,10975.6885093343,6
2018-12-22 05:50:00,0,76.5424,10474.4925870117,6
2018-12-22 05:55:00,0,48.3533333333333,10188.6328544585,6
2018-12-22 06:00:00,0,28.2953666666667,10903.4587081169,6
2018-12-22 06:05:00,0,46.1608,9763.72305887399,6
2018-12-22 06:10:00,0,23.4154666666667,10044.2053475184,6
2018-12-22 06:15:00,0,51.7904,10188.6328544585,6
2018-12-22 06:20:00,0,53.3374,9061.43781930275,6
2018-12-22 06:25:00,0,77.8977,8722.32540065719,6
2018-12-22 06:30:00,0,65.7405,9138.4173316348,6
2018-12-22 06:35:00,0,11.8911,8451.02593918916,6
2018-12-22 06:40:00,0,54.6657333333333,8857.13670029139,6
2018-12-22 06:45:00,0,70.3257333333333,7848.18066573263,6
2018-12-22 06:50:00,0,73.5566,7848.18066573263,6
2018-12-22 06:55:00,0,68.566,7143.55395736797,6
2018-12-22 07:00:00,0,83.8732,6898.56420892237,6
2018-12-22 07:05:00,0,29.4980666666667,6645.22283572004,6
2018-12-22 07:10:00,0,68.7397666666667,6645.22283572004,6
2018-12-22 07:15:00,0,80.8357,5926.81047320693,6
2018-12-22 07:20:00,0,80.755,5534.63207899048,6
2018-12-22 07:25:00,0,79.8127666666667,5100.85236127854,6
2018-12-22 07:30:00,0,33.4015666666667,5046.45152974068,6
2018-12-22 07:35:00,0,73.3712333333333,4496.94204595229,6
2018-12-22 07:40:00,0,72.8874,4216.59043399437,6
2018-12-22 07:45:00,0,72.4000333333333,3819.05728162849,6
2018-12-22 07:50:00,0,71.7498333333333,3450.06941210656,6
2018-12-22 07:55:00,0,71.009,3070.96106590492,6
2018-12-22 08:00:00,0,70.3943666666667,2697.22539934399,6
2018-12-22 08:05:00,0,69.5680666666667,2346.70759441693,6
2018-12-22 08:10:00,0,68.677,2016.01397711371,6
2018-12-22 08:15:00,0,67.0517333333333,1673.77194820728,6
2018-12-22 08:20:00,0,62.8996333333333,1336.10635894593,6
2018-12-22 08:25:00,0,61.4774,985.558504614394,6
2018-12-22 08:30:00,0,54.4809,650.71775147909,6
2018-12-22 08:35:00,0,35.9827666666667,352.371697154019,6
2018-12-22 08:40:00,0,23.3610666666667,210.80421592,6
2018-12-22 08:45:00,0,20.4722,117.893294748556,6
2018-12-22 08:50:00,0,6.77096666666667,54.7030573442827,6
2018-12-22 08:55:00,0,6.7846,38.1770004609785,6
2018-12-22 09:00:00,0,4.8065,13.0789944466378,6
2018-12-22 09:05:00,0,0.188366666666667,13.9395235832962,6
2018-12-22 09:10:00,0,0,1.95597295564907,6
2018-12-22 09:15:00,0,0,0,6
2018-12-22 09:20:00,0,0,3.63797880709171e-12,6
2018-12-22 09:25:00,0,0,3.7938729412308,6
2018-12-22 09:30:00,0,0,9.68318213578984,6
2018-12-22 09:35:00,0,0,18.3961469658888,6
2018-12-22 09:40:00,0,0,24.6196932731026,6
2018-12-22 09:45:00,0,14.1045666666667,59.0702635067218,6
2018-12-22 09:50:00,0,27.9387666666667,210.80421592,6
2018-12-22 09:55:00,0,39.1187,406.664050248062,6
2018-12-22 10:00:00,0,39.6015333333333,561.581886464449,6
2018-12-22 10:05:00,0,39.3965,561.581886464449,6
2018-12-22 10:10:00,0,38.727,478.082059712275,6
2018-12-22 10:15:00,0,37.3287333333333,344.827814694371,6
2018-12-22 10:20:00,0,27.4828666666667,237.100848950286,6
2018-12-22 10:25:00,0,26.5849,177.590026089624,6
2018-12-22 10:30:00,0,20.704,113.236471583,6
2018-12-22 10:35:00,0,9.66233333333333,72.6728809345704,6
2018-12-22 10:40:00,0,8.70453333333333,49.4953000930535,6
2018-12-22 10:45:00,0,5.723,40.732745539189,6
2018-12-22 10:50:00,0,6.1967,34.5773673646444,6
2018-12-22 10:55:00,0,6.11916666666667,3.7938729412308,6
2018-12-22 11:00:00,0,5.2142,1.95597770774839,6
2018-12-22 11:05:00,0,0,13.385341724145,6
2018-12-22 11:10:00,0,0,1.95597241719588,6
2018-12-22 11:15:00,0,0,10.9278913972325,6
2018-12-22 11:20:00,0,5.3316,39.2723197802116,6
2018-12-22 11:25:00,0,2.728,12.4755821999352,6
2018-12-22 11:30:00,0,0.3309,13.9395235832962,6
2018-12-22 11:35:00,0,0,1.95597295564907,6
2018-12-22 11:40:00,0,0,0,6
2018-12-22 11:45:00,0,0,0.644137891136779,6
2018-12-22 11:50:00,0,0,3.7938729412308,6
2018-12-22 11:55:00,0,0,15.9067284430034,6
2018-12-22 12:00:00,0,0,25.8644025345453,6
2018-12-22 12:05:00,0,0,34.5773673646444,6
2018-12-22 12:10:00,0,4.33003333333333,38.9072133404672,6
2018-12-22 12:15:00,0,3.2312,1.95597241719588,6
2018-12-22 12:20:00,0,0,13.195619596685,6
2018-12-22 12:25:00,0,0,13.195619596685,6
2018-12-22 12:30:00,0,0,13.4863431362346,6
2018-12-22 12:35:00,0,0,13.9395235832962,6
2018-12-22 12:40:00,0,0,13.9395235832962,6
2018-12-22 12:45:00,0,0,13.0789944466378,6
2018-12-22 12:50:00,0,0,13.0789944466378,6
2018-12-22 12:55:00,0,0,13.0789944466378,6
2018-12-22 13:00:00,0,0,13.0789944466378,6
2018-12-22 13:05:00,0,0,12.4823178541371,6
2018-12-22 13:10:00,0,0,1.95597295564907,6
2018-12-22 13:15:00,0,0,1.95597757809381,6
2018-12-22 13:20:00,0,0,1.95597241719588,6
2018-12-22 13:25:00,0,0,1.95597241719588,6
2018-12-22 13:30:00,0,0,1.95597241719588,6
2018-12-22 13:35:00,0,0,1.95597241719588,6
2018-12-22 13:40:00,0,0,1.95597241719588,6
2018-12-22 13:45:00,0,0,0,6
2018-12-22 13:50:00,0,0,0,6
2018-12-22 13:55:00,0,0,0,6
2018-12-22 14:00:00,0,0,0,6
2018-12-22 14:05:00,0,0,0,6
2018-12-22 14:10:00,0,0,0,6
2018-12-22 14:15:00,0,0,0,6
2018-12-22 14:20:00,0,0,0,6
2018-12-22 14:25:00,0,0,3.63797880709171e-12,6
2018-12-22 14:30:00,0,0,3.63797880709171e-12,6
2018-12-22 14:35:00,0,0,0.644137891136779,6
2018-12-22 14:40:00,0,0,0.644137891136779,6
2018-12-22 14:45:00,0,0,0.64413844416049,6
2018-12-22 14:50:00,0,0,0.64413844416049,6
2018-12-22 14:55:00,0,0,0.64413844416049,6
2018-12-22 15:00:00,0,0,0.64413844416049,6
2018-12-22 15:05:00,0,0,4.84629018773194,6
2018-12-22 15:10:00,0,0,4.84629018773194,6
2018-12-22 15:15:00,0,0,4.84629018773194,6
2018-12-22 15:20:00,0,0,4.84629018773194,6
2018-12-22 15:25:00,0,0,4.84629018773194,6
2018-12-22 15:30:00,0,0,3.7938729412308,6
2018-12-22 15:35:00,0,0,3.7938729412308,6
2018-12-22 15:40:00,0,0,3.7938729412308,6
2018-12-22 15:45:00,0,0,3.7938729412308,6
2018-12-22 15:50:00,0,0,3.7938729412308,6
2018-12-22 15:55:00,0,0,3.7938729412308,6
2018-12-22 16:00:00,0,0,3.7938729412308,6
